luxes, temp, hum, curr, volt, power, dd,hh,mm
3133.44, 18, 79, 0.07, 14.69, 1.09, 28, 15, 17
5765.12,18,76,0.14,14.73,1.98,28,15,12
5575.68,18,77,0.13,14.73,1.93,28,15,7
5506.56,18,77,0.13,14.72,1.93,28,15,2
5931.52,19,74,0.14,14.73,2.01,28,14,57
5565.44,18,75,0.13,14.72,1.92,28,14,52
6051.84,18,80,0.14,14.73,2.11,28,14,47
3304.96,17,78,0.08,14.69,1.18,28,14,42
5309.44,19,76,0.12,14.73,1.82,28,14,32
8555.52,19,75,0.2,14.77,2.97,28,14,27
8302.08,19,73,0.19,14.76,2.88,28,14,22
8747.52,19,75,0.2,14.76,2.97,28,14,17
6686.72,18,77,0.16,14.74,2.29,28,14,12
6755.84,18,77,0.16,14.73,2.28,28,14,7
4930.56,18,77,0.11,14.72,1.68,28,14,2
4707.84,18,76,0.11,14.72,1.65,28,13,57
4413.44,19,75,0.11,14.71,1.56,28,13,52
6074.88,20,72,0.14,14.74,2.11,28,13,47
5235.2,20,70,0.13,14.73,1.86,28,13,42
8742.4,21,68,0.2,14.76,2.96,28,13,37
9927.68,22,69,0.23,14.78,3.34,28,13,32
10145.28,21,73,0.23,14.78,3.37,28,13,27
9525.76,21,74,0.22,14.77,3.2,28,13,22
7733.76,21,74,0.16,15.68,2.51,28,13,17
8448,21,73,0.2,14.76,2.92,28,13,12
10531.84,21,73,0.23,14.78,3.47,28,13,7
8552.96,20,75,0.2,14.76,2.89,28,13,2
7552,20,75,0.18,14.75,2.62,28,12,57
9315.84,21,74,0.22,14.77,3.17,28,12,52
9415.68,20,76,0.22,14.77,3.21,28,12,47
9290.24,20,76,0.21,14.76,3.14,28,12,42
9121.28,20,76,0.21,14.77,3.06,28,12,37
8588.8,19,76,0.2,14.76,2.93,28,12,32
6845.44,18,80,0.16,14.74,2.39,28,12,27
7549.44,19,80,0.17,14.75,2.56,28,12,22
8783.36,19,78,0.2,14.76,2.93,28,12,17
8025.6,19,78,0.18,14.76,2.69,28,12,12
8791.04,20,76,0.2,14.77,2.97,28,12,7
9635.84,20,76,0.22,14.78,3.26,28,12,2
9955.84,20,76,0.23,14.78,3.4,28,11,57
10531.84,20,76,0.24,14.78,3.57,28,11,52
10255.36,20,77,0.23,14.78,3.46,28,11,47
8166.4,20,78,0.19,14.76,2.79,28,11,42
7411.2,19,81,0.17,14.75,2.52,28,11,37
6522.88,19,79,0.16,14.73,2.28,28,11,32
7224.32,20,77,0.17,14.74,2.51,28,11,27
8302.08,19,79,0.19,14.76,2.85,28,11,22
8614.4,19,80,0.2,14.76,3,28,11,17
8194.56,18,82,0.19,14.76,2.88,28,11,12
7987.2,18,83,0.19,14.75,2.76,28,11,7
5189.12,18,84,0.13,14.72,1.84,28,11,2
6190.08,18,83,0.14,14.73,2.11,28,10,57
6760.96,17,85,0.16,14.74,2.32,28,10,52
6277.12,17,85,0.15,14.73,2.15,28,10,47
6284.8,18,83,0.15,14.73,2.15,28,10,42
7344.64,18,82,0.17,14.74,2.51,28,10,37
10339.84,18,79,0.23,14.78,3.43,28,10,32
9799.68,18,82,0.22,14.77,3.3,28,10,27
6515.2,18,83,0.14,14.73,2.11,28,10,22
8860.16,18,84,0.2,14.76,3.01,28,10,17
10122.24,18,85,0.23,14.78,3.4,28,10,12
9830.4,18,87,0.22,14.77,3.33,28,10,7
10705.92,17,89,0.25,14.79,3.65,28,10,2
8135.68,16,93,0.19,14.75,2.82,28,9,57
8389.12,16,98,0.2,14.76,2.92,28,9,52
9126.4,16,96,0.21,14.77,3.08,28,9,47
8509.44,15,100,0.2,14.76,2.89,28,9,42
7582.72,15,99,0.18,14.75,2.6,28,9,37
6264.32,15,100,0.15,14.73,2.24,28,9,32
5803.52,14,99,0.14,14.73,2.1,28,9,27
5401.6,14,100,0.13,14.73,1.97,28,9,22
4761.6,13,99,0.11,14.72,1.65,28,9,17
4106.24,13,100,0.1,14.7,1.52,28,9,12
4421.12,12,99,0.11,14.7,1.57,28,9,7
3412.48,20,75,0.08,14.69,1.1,27,16,47
3271.68,20,73,0.07,14.69,1.06,27,16,42
4106.24,21,71,0.09,14.7,1.32,27,16,37
4400.64,21,71,0.1,14.71,1.45,27,16,32
5987.84,21,69,0.14,14.72,2.01,27,16,27
4748.8,22,66,0.11,14.71,1.59,27,16,22
5352.96,22,63,0.12,14.72,1.78,27,16,17
6120.96,23,61,0.14,14.73,2.02,27,16,12
8053.76,24,59,0.18,14.76,2.71,27,16,7
8220.16,24,57,0.19,14.76,2.8,27,16,2
10234.88,27,52,0.23,14.78,3.38,27,15,57
19174.4,27,52,0.42,14.89,6.22,27,15,52
19174.4,30,46,0.41,14.88,6.08,27,15,47
22118.4,32,42,0.46,14.92,6.89,27,15,42
22149.12,30,45,0.47,14.92,7.01,27,15,37
6694.4,27,51,0.15,14.73,2.23,27,15,32
21053.44,30,45,0.44,14.9,6.52,27,15,27
22220.8,31,43,0.46,14.91,6.84,27,15,22
15278.08,32,42,0.33,14.84,4.92,27,15,17
16522.24,29,47,0.37,14.86,5.53,27,15,12
19840,32,42,0.42,14.89,6.31,27,15,7
23971.84,29,44,0.52,14.95,7.83,27,15,2
3865.6,25,51,0.09,14.7,1.27,27,14,57
4902.4,30,43,0.11,14.71,1.61,27,14,52
23347.2,35,39,0.52,14.95,7.83,27,14,47
24156.16,33,39,0.54,14.95,8.04,27,14,42
18544.64,29,45,0.45,14.9,6.66,27,14,37
4638.72,28,45,0.1,14.71,1.52,27,14,32
20730.88,32,40,0.49,14.93,7.3,27,14,27
4490.24,34,35,0.09,14.71,1.4,27,14,22
26245.12,36,34,0.56,14.97,8.31,27,14,17
30474.24,35,35,0.59,14.99,8.86,27,14,12
31375.36,34,38,0.58,14.99,8.77,27,14,7
32573.44,32,43,0.59,14.99,8.88,27,14,2
8488.96,28,47,0.18,14.75,2.64,27,13,57
28815.36,32,41,0.52,14.95,7.81,27,13,52
24565.76,31,38,0.48,14.92,7.1,27,13,47
6827.52,37,33,0.14,14.73,2.06,27,13,42
37775.36,35,35,0.62,15.01,9.37,27,13,37
6499.84,38,33,0.13,14.73,1.93,27,13,32
39454.72,40,30,0.61,15.01,9.08,27,13,27
16419.84,37,34,0.31,14.83,4.54,27,13,22
37038.08,38,33,0.6,15,8.96,27,13,17
37550.08,39,32,0.59,14.99,8.88,27,13,12
40376.32,38,33,0.6,15,9,27,13,7
40376.32,40,31,0.61,15.01,9.08,27,13,2
40704,38,33,0.6,15,9.01,27,12,57
42987.52,39,31,0.63,15.01,9.38,27,12,52
42147.84,38,33,0.63,15.02,9.54,27,12,47
40867.84,37,34,0.65,15.02,9.73,27,12,42
10096.64,34,36,0.2,14.76,3.01,27,12,37
38604.8,36,34,0.63,15.01,9.46,27,12,32
28579.84,36,34,0.48,14.93,7.17,27,12,27
26408.96,33,38,0.47,14.92,7.01,27,12,22
32010.24,35,34,0.54,14.97,8.14,27,12,17
25477.12,34,37,0.45,14.91,6.71,27,12,12
28876.8,36,35,0.51,14.95,7.64,27,12,7
25743.36,38,35,0.47,14.92,6.98,27,12,2
30771.2,37,36,0.53,14.96,7.91,27,11,57
23818.24,34,39,0.43,14.89,6.4,27,11,52
32757.76,38,36,0.56,14.97,8.35,27,11,47
30873.6,39,34,0.55,14.96,8.23,27,11,42
30136.32,38,34,0.55,14.97,8.27,27,11,37
31047.68,36,37,0.57,14.97,8.5,27,11,32
28846.08,34,40,0.54,14.96,8.04,27,11,27
29286.4,32,43,0.56,14.97,8.35,27,11,22
29286.4,33,42,0.56,14.97,8.31,27,11,17
27873.28,32,44,0.54,14.96,8.08,27,11,12
27904,32,44,0.54,14.95,8.04,27,11,7
27709.44,36,39,0.53,14.95,7.96,27,11,2
26644.48,34,41,0.51,14.94,7.68,27,10,57
26050.56,36,38,0.49,14.93,7.27,27,10,52
28549.12,35,41,0.52,14.95,7.76,27,10,47
26245.12,33,44,0.5,14.94,7.49,27,10,42
24453.12,32,44,0.49,14.93,7.26,27,10,37
22026.24,30,49,0.46,14.9,6.78,27,10,32
22855.68,29,48,0.47,14.91,6.98,27,10,27
23070.72,30,47,0.47,14.91,6.99,27,10,22
23357.44,27,52,0.47,14.92,7.03,27,10,17
23029.76,27,51,0.46,14.91,6.8,27,10,12
22773.76,29,49,0.46,14.91,6.86,27,10,7
21432.32,27,53,0.45,14.9,6.68,27,10,2
19875.84,26,52,0.44,14.9,6.52,27,9,57
18078.72,27,53,0.41,14.89,6.16,27,9,52
16711.68,24,60,0.39,14.86,5.75,27,9,47
16890.88,25,57,0.4,14.87,5.96,27,9,42
14632.96,24,59,0.38,14.87,5.72,27,9,37
12569.6,24,59,0.36,14.85,5.4,27,9,32
12257.28,25,58,0.34,14.84,5.08,27,9,27
12738.56,24,60,0.33,14.83,4.85,27,9,22
13189.12,23,62,0.32,14.83,4.68,27,9,17
12600.32,22,65,0.31,14.82,4.54,27,9,12
11627.52,22,66,0.29,14.81,4.28,27,9,7
11151.36,20,71,0.29,14.81,4.3,27,9,2
10081.28,20,72,0.28,14.81,4.11,27,8,57
8947.2,19,75,0.25,14.78,3.66,27,8,52
9216,17,80,0.23,14.78,3.47,27,8,47
8304.64,17,80,0.2,14.76,3.02,27,8,42
7605.76,17,82,0.19,14.75,2.75,27,8,37
7275.52,16,87,0.18,14.76,2.71,27,8,32
6167.04,15,92,0.16,14.74,2.39,27,8,27
5585.92,14,97,0.14,14.73,2.09,27,8,22
4915.2,13,99,0.13,14.72,1.86,27,8,17
4538.88,12,100,0.11,14.71,1.64,27,8,12
4387.84,11,99,0.1,14.7,1.47,27,8,7
3151.36,10,100,0.09,14.7,1.36,27,8,2
2538.24,9,99,0.09,14.7,1.25,27,7,57
4395.52,21,73,0.07,14.7,1.09,26,17,17
3655.68,21,71,0.07,14.69,1.05,26,17,12
6888.96,24,60,0.14,14.73,2.14,26,17,2
6295.04,24,59,0.08,14.69,1.13,26,16,57
8373.76,25,58,0.19,14.75,2.76,26,16,52
9610.24,26,56,0.21,14.77,3.14,26,16,47
10362.88,27,50,0.23,14.78,3.4,26,16,42
10844.16,28,48,0.25,14.79,3.62,26,16,37
11356.16,28,48,0.26,14.8,3.85,26,16,32
11632.64,30,44,0.27,14.81,4.06,26,16,27
12006.4,31,37,0.28,14.81,4.2,26,16,22
13112.32,30,38,0.31,14.82,4.54,26,16,17
14417.92,31,36,0.34,14.85,5.03,26,16,12
12272.64,30,37,0.29,14.81,4.35,26,16,7
9868.8,27,40,0.23,14.78,3.4,26,16,2
15569.92,27,44,0.35,14.85,5.25,26,15,57
4720.64,28,38,0.1,14.71,1.52,26,15,52
18058.24,31,35,0.39,14.88,5.82,26,15,47
15943.68,29,37,0.35,14.85,5.24,26,15,42
6497.28,30,36,0.14,14.73,2.09,26,15,37
7943.68,34,32,0.17,14.75,2.51,26,15,32
20776.96,36,30,0.43,14.9,6.39,26,15,27
21288.96,35,30,0.44,14.9,6.58,26,15,22
22568.96,34,30,0.46,14.92,6.78,26,15,17
21606.4,31,34,0.46,14.91,6.78,26,15,12
5916.16,34,31,0.13,14.73,1.84,26,15,7
18672.64,37,28,0.4,14.88,5.93,26,15,2
21575.68,37,28,0.48,14.93,7.17,26,14,57
21268.48,37,28,0.49,14.93,7.32,26,14,52
23736.32,37,28,0.52,14.95,7.83,26,14,47
18339.84,35,29,0.41,14.88,6.08,26,14,42
16906.24,35,30,0.38,14.87,5.67,26,14,37
22620.16,37,28,0.5,14.94,7.41,26,14,32
24074.24,35,31,0.54,14.96,8.03,26,14,27
23756.8,38,28,0.54,14.97,8.04,26,14,22
25210.88,37,28,0.54,14.97,8.14,26,14,17
27883.52,35,32,0.55,14.97,8.23,26,14,12
28549.12,36,29,0.54,14.97,8.1,26,14,7
31088.64,36,29,0.57,14.98,8.5,26,14,2
32092.16,37,29,0.57,14.98,8.54,26,13,57
27484.16,33,34,0.51,14.94,7.58,26,13,52
20126.72,36,31,0.37,14.87,5.56,26,13,47
29593.6,37,31,0.51,14.94,7.6,26,13,42
36526.08,40,27,0.59,14.99,8.85,26,13,37
34682.88,38,30,0.56,14.97,8.35,26,13,32
37273.6,39,27,0.6,15,8.95,26,13,27
31109.12,40,28,0.52,14.95,7.8,26,13,22
36003.84,37,30,0.59,14.99,8.79,26,13,17
24842.24,38,29,0.43,14.9,6.43,26,13,12
40089.6,38,29,0.63,15.02,9.42,26,13,7
35420.16,36,32,0.56,14.97,8.38,26,13,2
41144.32,36,33,0.61,15,9.1,26,12,57
40478.72,36,34,0.6,15,9.04,26,12,52
39915.52,37,31,0.61,15,9.09,26,12,47
30412.8,34,33,0.51,14.94,7.64,26,12,42
27934.72,33,35,0.48,14.93,7.21,26,12,37
26296.32,33,36,0.46,14.92,6.82,26,12,32
37683.2,34,34,0.61,15,9.11,26,12,27
34713.6,32,37,0.57,14.98,8.61,26,12,22
30033.92,35,34,0.51,14.95,7.71,26,12,17
34908.16,32,39,0.59,14.99,8.88,26,12,12
29849.6,32,35,0.54,14.96,8.06,26,12,7
31447.04,34,36,0.55,14.97,8.29,26,12,2
33054.72,34,36,0.59,14.99,8.82,26,11,57
28170.24,32,41,0.51,14.94,7.6,26,11,52
29470.72,31,42,0.54,14.96,8,26,11,47
25763.84,32,39,0.5,14.93,7.41,26,11,42
23900.16,30,42,0.48,14.92,7.22,26,11,37
24135.68,29,42,0.49,14.93,7.28,26,11,32
17105.92,26,46,0.36,14.86,5.4,26,11,27
19773.44,26,47,0.41,14.89,6.18,26,11,22
20546.56,26,47,0.43,14.9,6.36,26,11,17
25968.64,26,48,0.53,14.95,7.97,26,11,12
11852.8,24,51,0.27,14.81,3.96,26,11,7
17300.48,24,49,0.38,14.87,5.61,26,11,2
13998.08,24,52,0.31,14.82,4.54,26,10,57
15088.64,25,51,0.32,14.83,4.79,26,10,52
12180.48,24,56,0.27,14.81,4.02,26,10,47
14105.6,25,53,0.31,14.82,4.54,26,10,42
9638.4,25,53,0.22,14.77,3.17,26,10,37
17643.52,28,47,0.38,14.86,5.57,26,10,32
20398.08,31,44,0.43,14.9,6.35,26,10,27
25149.44,31,42,0.5,14.94,7.49,26,10,22
25098.24,31,43,0.5,14.93,7.5,26,10,17
24555.52,30,46,0.48,14.93,7.17,26,10,12
21934.08,29,50,0.44,14.9,6.58,26,10,7
22405.12,31,44,0.46,14.91,6.84,26,10,2
21125.12,29,46,0.46,14.91,6.84,26,9,57
17756.16,27,48,0.41,14.88,6.08,26,9,52
18554.88,28,48,0.43,14.89,6.35,26,9,47
16778.24,26,50,0.4,14.87,5.91,26,9,42
16312.32,27,48,0.42,14.88,6.31,26,9,37
13608.96,27,50,0.4,14.87,5.99,26,9,32
13399.04,26,51,0.38,14.87,5.68,26,9,27
14883.84,26,53,0.38,14.86,5.67,26,9,22
15431.68,24,57,0.37,14.85,5.41,26,9,17
14786.56,22,61,0.36,14.85,5.29,26,9,12
13127.68,21,65,0.33,14.83,4.85,26,9,7
10357.76,19,68,0.27,14.8,3.94,26,9,2
10557.44,20,69,0.28,14.81,4.11,26,8,57
10690.56,18,75,0.29,14.81,4.26,26,8,52
9134.08,16,79,0.23,14.78,3.47,26,8,47
8901.12,16,80,0.22,14.77,3.29,26,8,42
7280.64,16,84,0.18,14.75,2.65,26,8,37
6988.8,15,87,0.18,14.75,2.64,26,8,32
6264.32,15,86,0.16,14.74,2.42,26,8,27
6394.88,14,90,0.16,14.74,2.42,26,8,22
5893.12,13,94,0.15,14.74,2.23,26,8,17
5432.32,12,100,0.14,14.72,2.01,26,8,12
4736,11,99,0.11,14.71,1.68,26,8,7
4208.64,11,100,0.1,14.7,1.48,26,8,2
3328,9,99,0.08,14.7,1.23,26,7,57
2613.76,9,100,0.07,14.69,1.01,26,7,52
5079.04,24,64,0.08,14.69,1.13,25,17,22
6110.72,24,62,0.11,14.71,1.61,25,17,17
7006.72,23,65,0.14,14.73,1.98,25,17,12
4170.24,23,62,0.09,14.7,1.34,25,17,7
4720.64,23,61,0.1,14.7,1.55,25,17,2
4751.36,23,63,0.11,14.71,1.56,25,16,57
5652.48,23,61,0.13,14.72,1.84,25,16,52
5091.84,23,61,0.12,14.72,1.69,25,16,47
7459.84,24,59,0.17,14.74,2.48,25,16,42
9423.36,25,56,0.21,14.77,3.16,25,16,37
6888.96,25,55,0.16,14.74,2.38,25,16,32
9264.64,27,51,0.22,14.77,3.21,25,16,27
12129.28,28,47,0.29,14.82,4.28,25,16,22
13122.56,28,49,0.31,14.83,4.54,25,16,17
11878.4,25,55,0.28,14.81,4.19,25,16,12
8788.48,27,51,0.21,14.77,3.05,25,16,7
14914.56,28,49,0.34,14.85,5.12,25,16,2
15902.72,28,50,0.36,14.86,5.3,25,15,57
17715.2,28,50,0.38,14.87,5.68,25,15,52
16660.48,27,50,0.36,14.86,5.32,25,15,47
17141.76,29,47,0.37,14.86,5.48,25,15,42
18206.72,30,45,0.4,14.88,5.88,25,15,37
19246.08,31,44,0.41,14.88,6.03,25,15,32
20449.28,32,42,0.43,14.9,6.35,25,15,27
21135.36,32,42,0.44,14.9,6.62,25,15,22
21442.56,30,45,0.44,14.91,6.55,25,15,17
23162.88,31,45,0.47,14.92,7.09,25,15,12
21893.12,31,44,0.46,14.91,6.78,25,15,7
23490.56,31,43,0.5,14.94,7.45,25,15,2
17771.52,31,44,0.41,14.89,6.12,25,14,57
21678.08,33,41,0.51,14.94,7.56,25,14,52
22896.64,31,43,0.52,14.95,7.8,25,14,47
24248.32,32,42,0.53,14.95,7.96,25,14,42
23736.32,35,39,0.52,14.95,7.76,25,14,37
24248.32,36,37,0.53,14.95,7.88,25,14,32
24924.16,36,36,0.55,14.97,8.29,25,14,27
24227.84,35,38,0.55,14.97,8.18,25,14,22
24832,35,36,0.52,14.95,7.76,25,14,17
26306.56,36,35,0.52,14.95,7.76,25,14,12
28866.56,36,34,0.54,14.96,8.12,25,14,7
30720,36,35,0.56,14.97,8.31,25,14,2
32675.84,36,35,0.57,14.98,8.54,25,13,57
32102.4,35,36,0.56,14.97,8.44,25,13,52
33300.48,34,37,0.57,14.98,8.61,25,13,47
32430.08,33,38,0.56,14.97,8.41,25,13,42
33208.32,33,37,0.56,14.98,8.35,25,13,37
34805.76,37,34,0.56,14.98,8.33,25,13,32
34621.44,39,30,0.55,14.97,8.15,25,13,27
33863.68,38,31,0.55,14.96,8.18,25,13,22
36505.6,38,31,0.58,14.98,8.7,25,13,17
36935.68,40,29,0.57,14.99,8.61,25,13,12
36782.08,41,28,0.58,14.99,8.72,25,13,7
38492.16,43,27,0.57,14.98,8.61,25,13,2
38656,42,27,0.57,14.99,8.6,25,12,57
39475.2,39,29,0.58,14.99,8.68,25,12,52
39802.88,41,27,0.59,14.99,8.79,25,12,47
37816.32,41,27,0.58,14.99,8.77,25,12,42
36966.4,41,27,0.58,14.98,8.65,25,12,37
37570.56,40,28,0.59,14.99,8.85,25,12,32
38389.76,38,30,0.59,14.99,8.82,25,12,27
38389.76,39,29,0.59,14.99,8.83,25,12,22
36771.84,40,28,0.58,14.99,8.69,25,12,17
35676.16,39,29,0.59,14.99,8.82,25,12,12
34416.64,40,28,0.58,14.99,8.72,25,12,7
35020.8,41,27,0.59,14.99,8.81,25,12,2
34631.68,41,26,0.58,14.99,8.68,25,11,57
35983.36,40,28,0.58,14.98,8.7,25,11,52
34785.28,41,31,0.57,14.98,8.56,25,11,47
33546.24,40,32,0.57,14.98,8.47,25,11,42
31754.24,38,34,0.57,14.98,8.54,25,11,37
30320.64,37,35,0.55,14.96,8.18,25,11,32
31016.96,37,37,0.55,14.97,8.26,25,11,27
30648.32,39,34,0.56,14.97,8.38,25,11,22
29347.84,35,38,0.55,14.96,8.27,25,11,17
28590.08,36,37,0.55,14.96,8.18,25,11,12
28108.8,36,39,0.55,14.97,8.18,25,11,7
25251.84,33,42,0.49,14.93,7.33,25,11,2
27893.76,34,41,0.53,14.95,7.92,25,10,57
27750.4,36,39,0.52,14.94,7.73,25,10,52
26183.68,34,42,0.49,14.92,7.27,25,10,47
26470.4,34,41,0.5,14.93,7.39,25,10,42
26726.4,35,39,0.51,14.94,7.68,25,10,37
24657.92,33,43,0.5,14.93,7.41,25,10,32
22149.12,32,45,0.46,14.9,6.8,25,10,27
23582.72,32,45,0.48,14.92,7.16,25,10,22
23705.6,30,47,0.48,14.92,7.16,25,10,17
24012.8,30,47,0.48,14.92,7.1,25,10,12
21381.12,29,49,0.44,14.89,6.52,25,10,7
21606.4,30,48,0.45,14.91,6.67,25,10,2
21094.4,29,50,0.46,14.91,6.86,25,9,57
19763.2,28,51,0.44,14.9,6.63,25,9,52
18457.6,28,52,0.42,14.89,6.31,25,9,47
17981.44,28,54,0.42,14.89,6.3,25,9,42
16307.2,25,57,0.41,14.88,6.11,25,9,37
13885.44,25,57,0.4,14.87,5.95,25,9,32
13168.64,24,57,0.38,14.86,5.64,25,9,27
13992.96,24,58,0.36,14.86,5.39,25,9,22
14914.56,23,58,0.35,14.85,5.24,25,9,17
13890.56,22,62,0.34,14.84,5.03,25,9,12
12323.84,22,63,0.31,14.83,4.6,25,9,7
12139.52,21,65,0.31,14.83,4.62,25,9,2
10263.04,21,65,0.27,14.81,4.03,25,8,57
9753.6,20,68,0.26,14.79,3.9,25,8,52
9576.96,19,71,0.24,14.78,3.61,25,8,47
9487.36,18,75,0.23,14.78,3.42,25,8,42
8757.76,17,78,0.21,14.77,3.08,25,8,37
7196.16,16,80,0.18,14.74,2.64,25,8,32
6579.2,16,83,0.17,14.74,2.51,25,8,27
6295.04,15,88,0.15,14.73,2.27,25,8,22
5314.56,13,94,0.14,14.73,1.98,25,8,17
4807.68,12,99,0.12,14.71,1.73,25,8,12
2752,12,100,0.07,14.68,0.97,25,8,7
4469.76,11,99,0.1,14.7,1.42,25,8,2
3758.08,9,100,0.09,14.69,1.25,25,7,57
4280.32,22,77,0.08,14.7,1.13,24,17,17
4643.84,22,77,0.09,14.7,1.32,24,17,12
5716.48,24,71,0.13,14.72,1.89,24,17,2
6405.12,24,69,0.12,14.72,1.69,24,16,57
7685.12,24,69,0.17,14.75,2.47,24,16,52
7877.12,26,65,0.18,14.74,2.64,24,16,47
9292.8,26,63,0.21,14.77,3.12,24,16,42
10741.76,26,64,0.25,14.78,3.64,24,16,37
10792.96,27,62,0.25,14.8,3.75,24,16,32
10444.8,24,69,0.25,14.79,3.7,24,16,27
4736,23,70,0.11,14.7,1.56,24,16,22
7050.24,24,69,0.16,14.73,2.34,24,16,17
4326.4,24,65,0.1,14.7,1.42,24,16,12
4326.4,26,61,0.1,14.7,1.42,24,16,7
15083.52,29,55,0.35,14.85,5.21,24,16,2
15779.84,27,59,0.36,14.85,5.35,24,15,57
5137.92,24,64,0.12,14.71,1.69,24,15,52
6863.36,27,58,0.15,14.73,2.23,24,15,47
13265.92,31,50,0.29,14.82,4.26,24,15,42
18053.12,30,50,0.39,14.87,5.84,24,15,37
12062.72,32,46,0.27,14.8,4.02,24,15,32
19788.8,33,45,0.42,14.89,6.22,24,15,27
20920.32,33,45,0.44,14.9,6.59,24,15,22
22906.88,33,43,0.47,14.92,6.94,24,15,17
6435.84,32,44,0.14,14.73,2.06,24,15,12
23664.64,37,38,0.48,14.93,7.18,24,15,7
23480.32,37,37,0.49,14.94,7.33,24,15,2
23787.52,37,35,0.51,14.94,7.58,24,14,57
24545.28,38,35,0.53,14.96,7.95,24,14,52
24616.96,38,34,0.53,14.96,7.92,24,14,47
24463.36,37,35,0.53,14.96,7.9,24,14,42
26429.44,40,29,0.54,14.96,8.12,24,14,37
21770.24,37,31,0.48,14.92,7.21,24,14,32
24115.2,38,30,0.53,14.95,7.95,24,14,27
25169.92,41,28,0.54,14.96,8.08,24,14,22
26961.92,39,30,0.56,14.97,8.31,24,14,17
28958.72,40,28,0.56,14.97,8.31,24,14,12
30617.6,42,27,0.56,14.98,8.33,24,14,7
31139.84,40,28,0.56,14.97,8.31,24,14,2
31948.8,39,29,0.56,14.98,8.31,24,13,57
31815.68,40,28,0.56,14.98,8.45,24,13,52
20213.76,39,29,0.38,14.87,5.68,24,13,47
34273.28,40,28,0.57,14.98,8.5,24,13,42
34170.88,42,27,0.56,14.98,8.38,24,13,37
36956.16,41,27,0.57,14.98,8.59,24,13,32
36771.84,40,28,0.57,14.98,8.55,24,13,27
36567.04,41,28,0.57,14.98,8.56,24,13,22
36669.44,40,28,0.58,14.98,8.67,24,13,17
37130.24,41,27,0.57,14.99,8.6,24,13,12
37468.16,42,27,0.58,14.98,8.65,24,13,7
39464.96,41,28,0.59,14.99,8.81,24,13,2
40232.96,41,28,0.58,14.99,8.72,24,12,57
40181.76,41,28,0.59,14.99,8.79,24,12,52
40181.76,40,29,0.6,15,8.92,24,12,47
37027.84,40,29,0.58,14.99,8.72,24,12,42
38021.12,41,28,0.59,14.99,8.85,24,12,37
37959.68,39,29,0.6,14.99,8.93,24,12,32
37048.32,40,28,0.58,14.99,8.77,24,12,27
37048.32,42,28,0.57,14.98,8.61,24,12,22
36761.6,39,30,0.58,14.98,8.63,24,12,17
36730.88,41,28,0.58,14.99,8.77,24,12,12
34529.28,40,30,0.59,14.99,8.82,24,12,7
35051.52,41,29,0.58,14.99,8.77,24,12,2
34170.88,42,29,0.58,14.99,8.73,24,11,57
34406.4,42,29,0.57,14.98,8.49,24,11,52
35389.44,40,34,0.58,14.99,8.68,24,11,47
34355.2,38,35,0.58,14.98,8.69,24,11,42
32235.52,38,35,0.57,14.98,8.58,24,11,37
31907.84,38,35,0.57,14.98,8.54,24,11,32
31897.6,37,36,0.56,14.97,8.42,24,11,27
31303.68,37,34,0.57,14.98,8.61,24,11,22
28559.36,37,34,0.56,14.97,8.33,24,11,17
27432.96,38,34,0.55,14.96,8.17,24,11,12
26664.96,38,36,0.54,14.96,8,24,11,7
27586.56,36,37,0.54,14.95,8.05,24,11,2
25487.36,37,40,0.5,14.94,7.4,24,10,57
26613.76,37,41,0.5,14.93,7.53,24,10,52
28272.64,37,41,0.52,14.94,7.76,24,10,47
27197.44,36,41,0.51,14.94,7.62,24,10,42
27535.36,36,42,0.52,14.94,7.77,24,10,37
24688.64,36,42,0.5,14.93,7.39,24,10,32
24227.84,35,43,0.5,14.93,7.41,24,10,27
23244.8,33,46,0.48,14.92,7.12,24,10,22
22968.32,33,46,0.47,14.92,6.94,24,10,17
22487.04,34,45,0.46,14.9,6.78,24,10,12
21370.88,32,49,0.44,14.9,6.63,24,10,7
20582.4,31,51,0.43,14.89,6.44,24,10,2
19614.72,29,54,0.43,14.9,6.43,24,9,57
18135.04,29,54,0.41,14.89,6.08,24,9,52
17873.92,28,56,0.4,14.87,6,24,9,47
17827.84,27,58,0.41,14.88,6.11,24,9,42
16281.6,26,61,0.4,14.88,5.96,24,9,37
13132.8,26,60,0.36,14.85,5.39,24,9,32
13332.48,26,61,0.37,14.85,5.49,24,9,27
13854.72,26,61,0.35,14.84,5.21,24,9,22
14735.36,25,62,0.35,14.84,5.16,24,9,17
13383.68,25,64,0.33,14.84,4.84,24,9,12
12226.56,23,68,0.31,14.82,4.53,24,9,7
11596.8,22,71,0.3,14.82,4.43,24,9,2
10972.16,21,73,0.29,14.81,4.28,24,8,57
10280.96,20,75,0.27,14.81,4.03,24,8,52
9868.8,20,75,0.25,14.79,3.71,24,8,47
9740.8,20,78,0.24,14.78,3.51,24,8,42
8023.04,18,83,0.19,14.76,2.85,24,8,37
7667.2,17,89,0.19,14.75,2.8,24,8,32
5606.4,15,98,0.15,14.74,2.18,24,8,27
4029.44,15,98,0.1,14.71,1.51,24,8,22
4554.24,15,98,0.12,14.71,1.73,24,8,17
4096,14,99,0.1,14.71,1.55,24,8,12
4779.52,14,100,0.11,14.71,1.61,24,8,7
4226.56,13,99,0.1,14.7,1.43,24,8,2
3686.4,12,100,0.09,14.7,1.28,24,7,57
2864.64,11,99,0.07,14.69,1.01,24,7,52
4925.44,28,49,0.11,14.72,1.61,23,17,2
6415.36,30,45,0.14,14.73,2.06,23,16,57
7644.16,31,43,0.16,14.75,2.39,23,16,52
8340.48,32,38,0.18,14.76,2.66,23,16,47
8732.16,32,38,0.19,14.76,2.88,23,16,42
9518.08,33,37,0.22,14.78,3.2,23,16,37
9978.88,32,39,0.23,14.79,3.42,23,16,32
11151.36,33,38,0.26,14.8,3.87,23,16,27
11197.44,31,40,0.27,14.81,4.02,23,16,22
11479.04,30,43,0.28,14.81,4.11,23,16,17
12298.24,32,41,0.29,14.82,4.3,23,16,12
12625.92,34,38,0.29,14.82,4.34,23,16,7
13434.88,34,36,0.31,14.83,4.63,23,16,2
14202.88,33,38,0.32,14.84,4.83,23,15,57
16256,34,37,0.35,14.85,5.18,23,15,52
16747.52,34,35,0.36,14.86,5.35,23,15,47
17699.84,33,38,0.37,14.87,5.56,23,15,42
18309.12,35,36,0.39,14.88,5.75,23,15,37
19302.4,33,38,0.41,14.88,6.07,23,15,32
20648.96,37,34,0.42,14.9,6.26,23,15,27
20638.72,37,34,0.42,14.89,6.27,23,15,22
21852.16,39,30,0.44,14.9,6.49,23,15,17
21964.8,39,31,0.44,14.91,6.54,23,15,12
22343.68,38,31,0.46,14.92,6.81,23,15,7
21575.68,40,30,0.46,14.92,6.82,23,15,2
22241.28,39,30,0.48,14.93,7.14,23,14,57
21790.72,41,29,0.48,14.93,7.17,23,14,52
21841.92,38,32,0.48,14.93,7.21,23,14,47
22517.76,40,29,0.49,14.93,7.28,23,14,42
23244.8,38,31,0.5,14.94,7.41,23,14,37
23552,40,28,0.52,14.95,7.73,23,14,32
23767.04,39,30,0.52,14.96,7.82,23,14,27
23040,38,31,0.52,14.95,7.72,23,14,22
24719.36,38,32,0.53,14.95,7.87,23,14,17
26449.92,36,34,0.53,14.95,7.92,23,14,12
28487.68,37,33,0.53,14.96,7.99,23,14,7
30300.16,42,28,0.54,14.96,8.03,23,13,57
30187.52,40,30,0.54,14.96,8,23,13,52
32051.2,41,29,0.55,14.98,8.26,23,13,47
34099.2,39,29,0.56,14.97,8.41,23,13,42
34785.28,37,32,0.57,14.98,8.54,23,13,37
36802.56,39,30,0.57,14.98,8.54,23,13,32
37734.4,41,27,0.57,14.98,8.5,23,13,27
37795.84,44,27,0.57,14.99,8.61,23,13,22
37058.56,42,27,0.58,14.98,8.65,23,13,17
37857.28,42,28,0.57,14.99,8.61,23,13,12
37672.96,42,27,0.58,14.99,8.64,23,13,7
40212.48,41,29,0.58,14.99,8.72,23,13,2
40601.6,42,27,0.58,14.98,8.7,23,12,57
40396.8,37,34,0.59,14.99,8.81,23,12,52
40396.8,38,32,0.59,14.99,8.86,23,12,47
38737.92,38,32,0.59,14.99,8.88,23,12,42
38092.8,38,32,0.59,15,8.85,23,12,37
38461.44,41,30,0.58,14.99,8.77,23,12,32
38195.2,40,30,0.59,14.99,8.87,23,12,27
38277.12,37,34,0.59,14.99,8.86,23,12,22
37632,39,30,0.58,14.99,8.76,23,12,17
36945.92,39,30,0.58,14.98,8.69,23,12,12
34437.12,39,32,0.58,14.99,8.68,23,12,7
34355.2,39,32,0.58,14.99,8.64,23,12,2
34007.04,37,33,0.58,14.98,8.7,23,11,57
34826.24,36,34,0.58,14.98,8.74,23,11,52
34928.64,35,36,0.58,14.98,8.69,23,11,47
34775.04,40,30,0.57,14.98,8.5,23,11,42
32645.12,39,32,0.57,14.98,8.47,23,11,37
32337.92,39,32,0.56,14.97,8.42,23,11,32
32563.2,37,34,0.56,14.98,8.46,23,11,27
31242.24,36,35,0.56,14.97,8.42,23,11,22
29634.56,35,37,0.56,14.98,8.41,23,11,17
27381.76,35,38,0.54,14.96,8.13,23,11,12
27617.28,35,36,0.55,14.97,8.22,23,11,7
27320.32,36,36,0.54,14.96,8.1,23,11,2
28323.84,36,35,0.54,14.95,8.09,23,10,57
28508.16,33,39,0.54,14.95,8.01,23,10,52
29255.68,34,38,0.53,14.95,7.94,23,10,47
28467.2,36,35,0.52,14.95,7.81,23,10,42
26675.2,36,36,0.51,14.94,7.6,23,10,37
25497.6,34,40,0.51,14.94,7.62,23,10,32
24535.04,32,41,0.5,14.93,7.46,23,10,27
24064,30,45,0.49,14.92,7.33,23,10,22
24299.52,33,42,0.48,14.92,7.22,23,10,17
24166.4,29,47,0.48,14.92,7.16,23,10,12
23121.92,30,46,0.48,14.92,7.1,23,10,7
22599.68,30,46,0.47,14.91,6.94,23,10,2
21032.96,30,46,0.45,14.9,6.72,23,9,57
20003.84,30,46,0.44,14.89,6.57,23,9,52
19384.32,29,48,0.43,14.89,6.43,23,9,47
18355.2,29,48,0.42,14.89,6.25,23,9,42
16235.52,28,50,0.41,14.88,6.03,23,9,37
13905.92,28,52,0.39,14.87,5.84,23,9,32
13112.32,25,55,0.38,14.86,5.72,23,9,27
14202.88,26,54,0.37,14.86,5.53,23,9,22
15119.36,26,56,0.36,14.85,5.32,23,9,17
14044.16,24,59,0.34,14.84,5.09,23,9,12
13230.08,23,61,0.33,14.83,4.92,23,9,7
11970.56,23,62,0.31,14.83,4.63,23,9,2
11202.56,22,65,0.3,14.81,4.39,23,8,57
10467.84,22,67,0.28,14.8,4.11,23,8,52
10211.84,21,69,0.26,14.79,3.81,23,8,47
10048,19,73,0.24,14.78,3.51,23,8,42
9262.08,19,75,0.21,14.77,3.16,23,8,37
8174.08,18,78,0.2,14.76,2.89,23,8,32
6748.16,17,82,0.18,14.75,2.6,23,8,27
6440.96,17,84,0.16,14.73,2.32,23,8,22
5465.6,16,90,0.14,14.72,2.05,23,8,17
4797.44,15,96,0.12,14.71,1.8,23,8,12
4912.64,14,100,0.11,14.71,1.56,23,8,7
4405.76,13,99,0.09,14.7,1.36,23,8,2
3678.72,11,100,0.08,14.7,1.22,23,7,57
4001.28,27,42,0.08,14.7,1.19,22,17,12
4280.32,27,43,0.08,14.7,1.19,22,17,7
5222.4,28,40,0.12,14.71,1.74,22,17,2
6213.12,30,38,0.14,14.72,2.02,22,16,57
7592.96,30,39,0.16,14.75,2.38,22,16,52
8332.8,29,39,0.18,14.76,2.68,22,16,47
8798.72,29,38,0.2,14.76,2.93,22,16,42
9418.24,29,41,0.22,14.78,3.2,22,16,37
9725.44,30,38,0.23,14.78,3.4,22,16,32
10526.72,31,36,0.25,14.8,3.74,22,16,27
11217.92,31,37,0.27,14.81,3.99,22,16,22
11816.96,32,36,0.28,14.81,4.19,22,16,17
12544,31,37,0.29,14.82,4.36,22,16,12
13383.68,32,35,0.31,14.82,4.61,22,16,7
14044.16,35,31,0.33,14.84,4.84,22,16,2
15155.2,34,35,0.34,14.84,5.04,22,15,57
16194.56,35,31,0.35,14.85,5.15,22,15,52
17530.88,35,30,0.37,14.86,5.47,22,15,47
18570.24,37,30,0.38,14.87,5.67,22,15,42
19297.28,38,28,0.4,14.88,5.9,22,15,37
19128.32,38,29,0.41,14.89,6.03,22,15,32
19297.28,36,30,0.41,14.89,6.14,22,15,27
20234.24,37,30,0.43,14.9,6.43,22,15,22
21155.84,37,29,0.44,14.9,6.5,22,15,17
22149.12,38,28,0.44,14.91,6.62,22,15,12
22231.04,38,27,0.46,14.91,6.84,22,15,7
22159.36,38,27,0.46,14.91,6.86,22,15,2
21401.6,39,26,0.46,14.91,6.87,22,14,57
20925.44,39,26,0.46,14.92,6.91,22,14,52
21739.52,38,28,0.49,14.93,7.24,22,14,47
22159.36,40,26,0.49,14.93,7.3,22,14,42
23367.68,40,27,0.5,14.94,7.5,22,14,37
23121.92,39,28,0.51,14.95,7.67,22,14,32
23234.56,40,27,0.52,14.95,7.74,22,14,27
26429.44,40,26,0.52,14.95,7.83,22,14,22
27043.84,41,25,0.54,14.97,8,22,14,17
28549.12,41,26,0.54,14.96,8,22,14,12
29614.08,41,25,0.54,14.96,8.1,22,14,7
30924.8,40,25,0.55,14.97,8.29,22,14,2
31416.32,39,26,0.55,14.97,8.29,22,13,57
32102.4,40,27,0.55,14.98,8.26,22,13,52
32409.6,41,26,0.56,14.98,8.37,22,13,47
34088.96,37,29,0.57,14.98,8.52,22,13,42
34969.6,37,29,0.58,14.98,8.64,22,13,37
36648.96,35,32,0.58,14.99,8.73,22,13,32
37550.08,37,31,0.58,14.99,8.69,22,13,27
37365.76,40,28,0.58,14.99,8.68,22,13,22
37795.84,42,25,0.58,14.98,8.65,22,13,17
38123.52,42,25,0.58,14.99,8.77,22,13,12
37806.08,41,27,0.58,14.99,8.73,22,13,7
39137.28,37,29,0.58,14.99,8.77,22,13,2
39997.44,43,24,0.58,14.99,8.69,22,12,57
40120.32,42,25,0.58,14.99,8.72,22,12,52
40120.32,41,25,0.58,14.99,8.77,22,12,47
38338.56,41,27,0.58,14.99,8.73,22,12,42
38154.24,41,26,0.59,14.99,8.79,22,12,37
37621.76,38,30,0.58,14.99,8.77,22,12,32
37693.44,40,27,0.58,14.99,8.76,22,12,27
37959.68,40,28,0.58,14.99,8.77,22,12,22
38727.68,41,27,0.59,15,8.81,22,12,17
37201.92,37,31,0.59,15,8.88,22,12,12
35194.88,38,29,0.6,15,8.92,22,12,7
34846.72,37,32,0.59,14.99,8.81,22,12,2
34048,39,29,0.58,14.99,8.68,22,11,57
34519.04,38,31,0.57,14.98,8.58,22,11,52
35993.6,40,28,0.57,14.99,8.61,22,11,47
34467.84,39,30,0.57,14.98,8.56,22,11,42
33126.4,39,29,0.57,14.98,8.51,22,11,37
32829.44,40,27,0.57,14.98,8.54,22,11,32
33423.36,39,30,0.57,14.98,8.5,22,11,27
31918.08,35,35,0.57,14.98,8.54,22,11,22
29521.92,35,36,0.56,14.98,8.42,22,11,17
28446.72,34,35,0.56,14.97,8.35,22,11,12
27811.84,36,34,0.56,14.96,8.31,22,11,7
27402.24,36,34,0.54,14.96,8.14,22,11,2
27924.48,36,35,0.54,14.96,8.03,22,10,57
28078.08,38,33,0.53,14.95,7.92,22,10,52
28764.16,34,35,0.53,14.95,7.87,22,10,47
27781.12,32,39,0.51,14.94,7.69,22,10,42
26746.88,36,36,0.51,14.94,7.64,22,10,37
25180.16,35,36,0.5,14.94,7.5,22,10,32
24576,36,35,0.5,14.93,7.41,22,10,27
24934.4,35,37,0.49,14.93,7.33,22,10,22
24227.84,34,38,0.48,14.92,7.14,22,10,17
23234.56,34,37,0.46,14.91,6.91,22,10,12
21934.08,33,40,0.47,14.91,6.94,22,10,7
21893.12,32,41,0.46,14.91,6.82,22,10,2
20464.64,29,45,0.44,14.9,6.59,22,9,57
19445.76,29,45,0.43,14.9,6.43,22,9,52
19379.2,30,43,0.43,14.89,6.32,22,9,47
18211.84,30,44,0.41,14.88,6.14,22,9,42
16471.04,28,46,0.4,14.87,5.95,22,9,37
14284.8,27,49,0.39,14.87,5.84,22,9,32
13276.16,26,51,0.38,14.87,5.72,22,9,27
13670.4,26,51,0.36,14.85,5.38,22,9,22
14479.36,26,53,0.35,14.84,5.16,22,9,17
13788.16,25,54,0.34,14.84,5.03,22,9,12
12943.36,24,57,0.32,14.83,4.8,22,9,7
11673.6,24,58,0.31,14.82,4.56,22,9,2
10798.08,22,61,0.29,14.81,4.31,22,8,57
10076.16,21,65,0.27,14.8,4.03,22,8,52
9950.72,20,66,0.25,14.79,3.75,22,8,47
9664,20,70,0.23,14.78,3.46,22,8,42
8972.8,18,73,0.21,14.77,3.16,22,8,37
7943.68,18,75,0.19,14.75,2.88,22,8,32
6668.8,17,80,0.17,14.75,2.59,22,8,27
6174.72,16,84,0.16,14.74,2.28,22,8,22
5399.04,15,90,0.14,14.73,2.05,22,8,17
4666.88,14,94,0.12,14.72,1.78,22,8,12
4759.04,13,100,0.11,14.7,1.57,22,8,7
4231.68,12,99,0.09,14.71,1.4,22,8,2
3642.88,10,100,0.08,14.69,1.23,22,7,57
3988.48,26,42,0.07,14.69,1.02,21,17,17
4587.52,27,42,0.09,14.7,1.32,21,17,12
5191.68,27,42,0.1,14.7,1.45,21,17,7
6095.36,27,40,0.14,14.73,2.02,21,17,2
7303.68,27,39,0.16,14.74,2.3,21,16,57
8340.48,29,37,0.17,14.74,2.55,21,16,52
9082.88,30,35,0.19,14.76,2.84,21,16,47
9530.88,31,33,0.21,14.77,3.08,21,16,42
9940.48,31,34,0.22,14.77,3.33,21,16,37
10478.08,32,33,0.24,14.79,3.57,21,16,32
10462.72,33,31,0.25,14.8,3.74,21,16,27
11171.84,33,34,0.27,14.8,3.98,21,16,22
12129.28,33,31,0.29,14.81,4.26,21,16,17
13342.72,33,31,0.31,14.82,4.58,21,16,12
13818.88,33,31,0.32,14.83,4.83,21,16,7
14571.52,33,29,0.34,14.84,4.97,21,16,2
15134.72,33,29,0.34,14.85,5.08,21,15,57
16276.48,34,32,0.35,14.85,5.18,21,15,52
17771.52,35,28,0.37,14.86,5.48,21,15,47
18519.04,37,27,0.38,14.87,5.64,21,15,42
19061.76,39,25,0.39,14.88,5.84,21,15,37
18862.08,37,25,0.4,14.88,5.95,21,15,32
19522.56,38,25,0.42,14.89,6.2,21,15,27
19778.56,36,26,0.43,14.9,6.43,21,15,22
20828.16,37,26,0.43,14.9,6.41,21,15,17
22016,38,26,0.44,14.9,6.5,21,15,12
21913.6,38,25,0.45,14.91,6.73,21,15,7
22487.04,36,29,0.46,14.91,6.87,21,15,2
22568.96,37,28,0.48,14.93,7.1,21,14,57
22016,40,24,0.48,14.93,7.18,21,14,52
21606.4,38,26,0.49,14.93,7.24,21,14,47
22425.6,38,28,0.5,14.94,7.4,21,14,42
23705.6,39,26,0.5,14.94,7.53,21,14,37
24586.24,36,26,0.52,14.94,7.73,21,14,32
26275.84,40,24,0.52,14.96,7.8,21,14,27
27013.12,39,26,0.54,14.96,8,21,14,22
27176.96,35,31,0.54,14.97,8.14,21,14,17
28866.56,36,28,0.55,14.97,8.23,21,14,12
30033.92,36,25,0.55,14.98,8.29,21,14,7
30873.6,37,25,0.56,14.97,8.37,21,14,2
32215.04,39,25,0.56,14.97,8.35,21,13,57
32552.96,41,23,0.56,14.98,8.45,21,13,52
32778.24,39,25,0.57,14.98,8.52,21,13,47
33884.16,39,27,0.57,14.98,8.52,21,13,42
34990.08,37,28,0.57,14.99,8.6,21,13,37
36986.88,40,25,0.58,14.99,8.64,21,13,32
37918.72,40,25,0.58,14.99,8.64,21,13,27
38195.2,40,26,0.59,14.99,8.78,21,13,22
38246.4,38,28,0.58,14.99,8.73,21,13,17
37939.2,38,28,0.58,14.99,8.76,21,13,12
37529.6,38,29,0.58,14.98,8.69,21,13,7
40652.8,41,25,0.59,14.99,8.79,21,13,2
40376.32,42,25,0.58,14.99,8.77,21,12,57
40796.16,41,25,0.59,14.99,8.85,21,12,52
40570.88,39,27,0.6,15,8.99,21,12,47
39383.04,38,30,0.59,14.99,8.85,21,12,42
39157.76,40,28,0.59,14.99,8.81,21,12,37
38584.32,40,28,0.58,14.99,8.76,21,12,32
38051.84,41,26,0.58,14.99,8.72,21,12,27
38830.08,42,25,0.59,14.99,8.83,21,12,22
38676.48,42,25,0.59,14.99,8.83,21,12,17
37478.4,40,28,0.59,14.99,8.83,21,12,12
35584,42,25,0.59,14.99,8.79,21,12,7
34334.72,39,28,0.59,15,8.88,21,12,2
34467.84,37,30,0.59,14.99,8.82,21,11,57
36126.72,40,27,0.58,14.98,8.74,21,11,52
36823.04,37,31,0.58,14.98,8.74,21,11,47
33976.32,36,32,0.59,14.99,8.81,21,11,42
33976.32,39,28,0.58,14.99,8.68,21,11,37
32890.88,36,31,0.57,14.97,8.51,21,11,32
33812.48,35,31,0.57,14.98,8.61,21,11,27
32634.88,35,32,0.57,14.98,8.59,21,11,22
30955.52,36,30,0.57,14.98,8.58,21,11,17
29276.16,33,35,0.57,14.98,8.49,21,11,12
27832.32,34,32,0.56,14.97,8.37,21,11,7
27535.36,32,35,0.56,14.97,8.38,21,11,2
27852.8,35,30,0.55,14.97,8.15,21,10,57
28436.48,36,30,0.54,14.96,8.08,21,10,52
28907.52,34,33,0.53,14.96,7.92,21,10,47
29071.36,33,35,0.53,14.95,7.96,21,10,42
27351.04,32,34,0.53,14.95,7.88,21,10,37
26357.76,30,37,0.53,14.95,7.96,21,10,32
22405.12,26,43,0.47,14.92,7.09,21,10,27
19169.28,27,42,0.4,14.88,6,21,10,22
12072.96,30,37,0.26,14.79,3.9,21,10,17
16122.88,34,32,0.33,14.84,4.89,21,10,12
21155.84,32,35,0.44,14.9,6.52,21,10,7
26593.28,31,36,0.53,14.95,7.92,21,10,2
23644.16,30,38,0.49,14.93,7.35,21,9,57
21442.56,30,39,0.46,14.91,6.91,21,9,52
20848.64,28,40,0.45,14.91,6.69,21,9,47
20065.28,27,43,0.44,14.89,6.52,21,9,42
17940.48,26,43,0.42,14.88,6.28,21,9,37
15349.76,26,45,0.42,14.89,6.2,21,9,32
13706.24,23,49,0.41,14.88,6.03,21,9,27
13649.92,22,51,0.37,14.86,5.47,21,9,22
16220.16,21,52,0.39,14.87,5.79,21,9,17
14520.32,23,50,0.36,14.85,5.32,21,9,12
14351.36,22,52,0.36,14.85,5.31,21,9,7
12912.64,21,56,0.34,14.84,5.08,21,9,2
11811.84,20,59,0.32,14.83,4.75,21,8,57
5294.08,18,63,0.14,14.73,2.06,21,8,52
11704.32,18,63,0.3,14.81,4.44,21,8,47
8056.32,17,64,0.2,14.76,2.96,21,8,42
11489.28,17,66,0.28,14.81,4.07,21,8,37
7687.68,16,69,0.19,14.76,2.85,21,8,32
6850.56,14,76,0.19,14.75,2.73,21,8,27
5222.4,12,84,0.13,14.72,1.97,21,8,22
3448.32,12,82,0.08,14.7,1.23,21,8,17
6218.24,14,79,0.16,14.74,2.38,21,8,12
6919.68,13,82,0.15,14.73,2.23,21,8,7
3307.52,12,84,0.08,14.7,1.18,21,8,2
5813.76,10,98,0.12,14.72,1.8,21,7,57
3312.64,8,99,0.08,14.7,1.15,21,7,52
5841.92,24,51,0.09,14.69,1.28,20,17,17
6241.28,25,49,0.11,14.71,1.65,20,17,12
6522.88,25,49,0.11,14.72,1.61,20,17,7
7861.76,26,47,0.17,14.75,2.51,20,17,2
9251.84,27,45,0.19,14.76,2.82,20,16,57
10711.04,27,45,0.21,14.77,3.12,20,16,52
11612.16,27,44,0.23,14.78,3.44,20,16,47
11801.6,28,42,0.25,14.79,3.67,20,16,42
12144.64,29,41,0.27,14.81,3.99,20,16,37
12963.84,30,39,0.29,14.82,4.31,20,16,32
12994.56,30,37,0.31,14.82,4.56,20,16,27
13931.52,30,37,0.32,14.84,4.83,20,16,22
14714.88,30,37,0.34,14.85,5.07,20,16,17
15656.96,30,37,0.36,14.86,5.31,20,16,12
15805.44,30,38,0.37,14.87,5.52,20,16,7
17003.52,31,36,0.38,14.87,5.72,20,16,2
17623.04,31,36,0.4,14.88,5.9,20,15,57
19758.08,32,35,0.41,14.88,6.07,20,15,52
20879.36,34,29,0.42,14.89,6.23,20,15,47
21534.72,33,32,0.43,14.9,6.41,20,15,42
21626.88,34,31,0.44,14.91,6.58,20,15,37
21647.36,34,30,0.45,14.91,6.75,20,15,32
21391.36,34,32,0.46,14.91,6.87,20,15,27
21749.76,34,31,0.47,14.92,6.98,20,15,22
23398.4,35,30,0.48,14.93,7.1,20,15,17
25405.44,36,29,0.49,14.93,7.26,20,15,12
24954.88,36,29,0.5,14.93,7.39,20,15,7
24504.32,36,29,0.5,14.94,7.51,20,15,2
24248.32,36,29,0.51,14.95,7.63,20,14,57
23429.12,37,28,0.52,14.95,7.73,20,14,52
23296,37,28,0.52,14.95,7.83,20,14,47
24340.48,39,28,0.53,14.96,7.95,20,14,42
25333.76,37,27,0.54,14.96,8.06,20,14,37
26429.44,39,25,0.55,14.96,8.15,20,14,32
27996.16,40,25,0.55,14.97,8.22,20,14,27
28487.68,39,25,0.55,14.97,8.28,20,14,22
28815.36,40,25,0.56,14.97,8.35,20,14,17
30197.76,38,25,0.57,14.98,8.55,20,14,12
32829.44,39,23,0.59,14.99,8.85,20,14,7
27504.64,39,23,0.5,14.94,7.55,20,14,2
19307.52,39,21,0.37,14.86,5.53,20,13,57
28057.6,43,18,0.5,14.94,7.49,20,13,52
35143.68,44,18,0.6,14.99,8.92,20,13,47
36812.8,43,20,0.6,14.99,8.92,20,13,42
40478.72,41,21,0.6,15,9.05,20,13,37
40478.72,40,21,0.62,15.01,9.32,20,13,32
32921.6,40,21,0.52,14.95,7.73,20,13,27
41000.96,41,21,0.61,15,9.2,20,13,22
40069.12,41,24,0.61,15.01,9.18,20,13,17
39710.72,39,27,0.61,15,9.11,20,13,12
40202.24,40,26,0.61,15,9.08,20,13,7
40222.72,40,26,0.59,15,8.91,20,13,2
41615.36,40,27,0.6,15,8.99,20,12,57
41123.84,38,28,0.6,15,8.95,20,12,52
40867.84,38,28,0.6,14.99,9,20,12,47
40222.72,38,30,0.6,15,9.01,20,12,42
39905.28,38,29,0.6,15,8.95,20,12,37
40355.84,41,27,0.6,15,9.04,20,12,32
39690.24,42,25,0.6,14.99,9,20,12,27
39485.44,42,25,0.6,15,9.02,20,12,22
38819.84,41,26,0.6,14.99,9.04,20,12,17
37427.2,41,28,0.58,14.98,8.67,20,12,12
36925.44,40,27,0.61,15,9.11,20,12,7
32675.84,40,28,0.57,14.98,8.49,20,12,2
32112.64,40,28,0.56,14.97,8.31,20,11,57
37437.44,38,30,0.6,15,9.04,20,11,52
37437.44,38,31,0.6,14.99,8.97,20,11,47
34600.96,35,34,0.6,14.99,8.92,20,11,42
34600.96,35,34,0.59,14.98,8.78,20,11,37
33914.88,37,31,0.58,14.98,8.69,20,11,32
34795.52,39,30,0.57,14.98,8.61,20,11,27
33976.32,37,31,0.57,14.98,8.59,20,11,22
31426.56,38,30,0.57,14.98,8.52,20,11,17
28835.84,38,31,0.56,14.97,8.46,20,11,12
26716.16,34,36,0.55,14.97,8.22,20,11,7
26941.44,33,37,0.56,14.97,8.38,20,11,2
28047.36,34,37,0.55,14.96,8.23,20,10,57
28200.96,34,35,0.54,14.96,8.13,20,10,52
29122.56,33,37,0.54,14.96,8.09,20,10,47
28416,34,36,0.53,14.95,7.97,20,10,42
27637.76,32,37,0.53,14.95,7.92,20,10,37
26368,33,36,0.53,14.95,7.88,20,10,32
25692.16,32,38,0.52,14.94,7.81,20,10,27
25907.2,31,40,0.51,14.94,7.69,20,10,22
25528.32,30,40,0.5,14.94,7.54,20,10,17
24739.84,31,38,0.49,14.92,7.33,20,10,12
23070.72,29,42,0.49,14.93,7.24,20,10,7
22384.64,28,44,0.48,14.92,7.13,20,10,2
22016,27,45,0.47,14.91,7.01,20,9,57
21370.88,29,43,0.46,14.91,6.82,20,9,52
20812.8,27,47,0.45,14.9,6.67,20,9,47
20439.04,28,44,0.44,14.9,6.54,20,9,42
17976.32,28,43,0.42,14.88,6.27,20,9,37
15933.44,27,45,0.42,14.89,6.2,20,9,32
14438.4,24,49,0.4,14.88,6,20,9,27
15093.76,26,47,0.39,14.87,5.84,20,9,22
15831.04,26,48,0.38,14.86,5.61,20,9,17
14776.32,25,50,0.36,14.85,5.39,20,9,12
13434.88,24,53,0.35,14.84,5.16,20,9,7
12124.16,23,55,0.33,14.83,4.89,20,9,2
11202.56,22,58,0.31,14.83,4.62,20,8,57
10792.96,20,61,0.29,14.82,4.3,20,8,52
10639.36,20,62,0.27,14.8,3.98,20,8,47
10329.6,20,64,0.25,14.79,3.7,20,8,42
9735.68,19,66,0.23,14.77,3.42,20,8,37
8796.16,18,69,0.21,14.77,3.1,20,8,32
7162.88,18,71,0.19,14.76,2.8,20,8,27
6906.88,16,75,0.17,14.74,2.48,20,8,22
6056.96,15,79,0.15,14.73,2.21,20,8,17
5068.8,15,83,0.13,14.72,1.95,20,8,12
5378.56,13,89,0.12,14.71,1.72,20,8,7
4838.4,12,98,0.1,14.7,1.47,20,8,2
4218.88,10,100,0.09,14.7,1.27,20,7,57
5616.64,28,42,0.08,14.7,1.23,19,17,17
6013.44,28,42,0.11,14.71,1.61,19,17,12
6504.96,28,40,0.14,14.73,2.02,19,17,7
7897.6,30,37,0.17,14.74,2.43,19,17,2
9085.44,30,37,0.19,14.76,2.73,19,16,57
10654.72,30,37,0.21,14.77,3.05,19,16,52
11724.8,31,35,0.23,14.78,3.38,19,16,47
12257.28,30,37,0.25,14.79,3.66,19,16,42
12241.92,30,36,0.27,14.81,3.94,19,16,37
12574.72,32,35,0.28,14.81,4.19,19,16,32
13025.28,31,36,0.3,14.82,4.44,19,16,27
14003.2,31,35,0.32,14.84,4.72,19,16,22
14525.44,31,36,0.34,14.84,4.97,19,16,17
15534.08,32,37,0.35,14.85,5.18,19,16,12
15370.24,31,36,0.36,14.86,5.4,19,16,7
16732.16,33,33,0.38,14.87,5.58,19,16,2
17623.04,33,34,0.39,14.87,5.8,19,15,57
19712,32,33,0.41,14.88,6.04,19,15,52
21094.4,34,32,0.41,14.89,6.14,19,15,47
21575.68,34,30,0.43,14.89,6.39,19,15,42
21657.6,36,29,0.44,14.9,6.48,19,15,37
21800.96,33,32,0.45,14.91,6.71,19,15,32
21585.92,36,28,0.46,14.91,6.85,19,15,27
22138.88,34,30,0.47,14.92,6.99,19,15,22
24053.76,36,28,0.47,14.93,7.07,19,15,17
25569.28,35,32,0.48,14.93,7.22,19,15,12
25313.28,36,29,0.49,14.93,7.37,19,15,7
24166.4,37,29,0.5,14.94,7.45,19,15,2
24555.52,37,28,0.51,14.95,7.6,19,14,57
23623.68,36,29,0.52,14.95,7.76,19,14,52
23142.4,38,26,0.53,14.96,7.87,19,14,47
24279.04,37,29,0.54,14.97,8,19,14,42
25108.48,37,28,0.54,14.97,8.08,19,14,37
26142.72,38,26,0.55,14.97,8.19,19,14,32
27668.48,39,26,0.55,14.97,8.27,19,14,27
28579.84,35,29,0.56,14.98,8.41,19,14,22
29317.12,37,27,0.56,14.98,8.42,19,14,17
30586.88,40,24,0.57,14.98,8.49,19,14,12
32419.84,38,26,0.57,14.98,8.58,19,14,7
32849.92,37,28,0.57,14.98,8.61,19,14,2
32993.28,39,25,0.58,14.99,8.69,19,13,57
33976.32,38,26,0.59,14.99,8.79,19,13,52
34201.6,38,26,0.59,14.99,8.9,19,13,47
35901.44,37,29,0.59,14.99,8.86,19,13,42
38789.12,39,25,0.59,14.99,8.88,19,13,37
38789.12,39,24,0.6,15,8.92,19,13,32
40089.6,39,25,0.6,15,8.96,19,13,27
40304.64,35,29,0.61,15,9.09,19,13,22
39720.96,35,29,0.61,15.01,9.11,19,13,17
40110.08,38,28,0.6,15,9.02,19,13,12
39987.2,38,26,0.6,15,9.02,19,13,7
41021.44,36,29,0.61,15.01,9.19,19,13,2
42680.32,38,27,0.61,15,9.13,19,12,57
42168.32,41,24,0.6,15,9.04,19,12,52
41656.32,40,23,0.61,15.01,9.14,19,12,47
41031.68,36,27,0.61,15,9.19,19,12,42
41902.08,40,24,0.61,15.01,9.18,19,12,37
40581.12,39,26,0.6,15,9.01,19,12,32
40345.6,36,28,0.61,15,9.1,19,12,27
40396.8,40,25,0.6,14.99,8.96,19,12,22
39464.96,38,26,0.6,15,9.06,19,12,17
39342.08,38,28,0.61,15,9.08,19,12,12
37591.04,39,25,0.61,15,9.08,19,12,7
35942.4,38,26,0.61,15,9.09,19,12,2
37263.36,38,25,0.6,15,9.05,19,11,57
37908.48,38,25,0.6,14.99,9.01,19,11,52
37908.48,37,27,0.6,14.99,8.97,19,11,47
37775.36,38,24,0.6,14.99,9.01,19,11,42
36628.48,38,24,0.6,14.99,8.93,19,11,37
36024.32,35,28,0.6,14.99,8.93,19,11,32
35809.28,39,23,0.58,14.98,8.77,19,11,27
35072,37,25,0.58,14.99,8.73,19,11,22
32286.72,38,23,0.58,14.99,8.65,19,11,17
29532.16,38,24,0.58,14.98,8.65,19,11,12
27863.04,36,25,0.57,14.98,8.61,19,11,7
27166.72,37,24,0.57,14.98,8.49,19,11,2
27893.76,38,24,0.56,14.98,8.45,19,10,57
29409.28,37,24,0.56,14.97,8.35,19,10,52
30197.76,33,28,0.56,14.97,8.32,19,10,47
29552.64,36,25,0.55,14.97,8.26,19,10,42
28487.68,36,26,0.55,14.96,8.15,19,10,37
26746.88,35,27,0.54,14.95,8.05,19,10,32
25446.4,34,29,0.53,14.95,7.99,19,10,27
26880,32,30,0.53,14.95,7.91,19,10,22
26890.24,30,32,0.52,14.95,7.8,19,10,17
25835.52,31,30,0.51,14.94,7.64,19,10,12
23592.96,30,33,0.5,14.94,7.53,19,10,7
22927.36,30,33,0.5,14.93,7.41,19,10,2
22784,29,36,0.49,14.93,7.31,19,9,57
22394.88,28,37,0.48,14.91,7.14,19,9,52
21913.6,27,40,0.47,14.91,6.98,19,9,47
21770.24,28,38,0.46,14.91,6.82,19,9,42
19302.4,27,41,0.45,14.9,6.66,19,9,37
17008.64,27,39,0.44,14.89,6.48,19,9,32
15462.4,25,43,0.42,14.88,6.31,19,9,27
16097.28,24,44,0.41,14.88,6.12,19,9,22
17044.48,24,44,0.4,14.87,5.96,19,9,17
15805.44,23,48,0.38,14.86,5.72,19,9,12
14095.36,23,49,0.37,14.85,5.48,19,9,7
12733.44,22,53,0.35,14.85,5.2,19,9,2
11642.88,21,54,0.33,14.84,4.93,19,8,57
11663.36,20,56,0.31,14.82,4.61,19,8,52
11822.08,20,57,0.29,14.81,4.3,19,8,47
10982.4,18,61,0.27,14.8,3.96,19,8,42
10227.2,18,63,0.24,14.78,3.61,19,8,37
9408,16,66,0.22,14.77,3.26,19,8,32
7649.28,16,69,0.2,14.76,2.96,19,8,27
7367.68,15,72,0.18,14.75,2.64,19,8,22
6379.52,15,74,0.16,14.73,2.34,19,8,17
5242.88,13,79,0.14,14.73,2.05,19,8,12
5724.16,12,84,0.12,14.72,1.78,19,8,7
5248,11,90,0.1,14.71,1.52,19,8,2
4597.76,9,100,0.09,14.7,1.32,19,7,57
5685.76,23,50,0.09,14.7,1.29,18,17,17
5949.44,24,50,0.11,14.71,1.64,18,17,12
6333.44,24,49,0.14,14.72,2.02,18,17,7
7631.36,24,49,0.16,14.75,2.42,18,17,2
8832,25,47,0.18,14.75,2.71,18,16,57
10073.6,25,45,0.2,14.77,3,18,16,52
11115.52,26,44,0.22,14.77,3.29,18,16,47
11540.48,26,43,0.24,14.79,3.57,18,16,42
11709.44,27,42,0.26,14.8,3.81,18,16,37
12006.4,28,40,0.28,14.81,4.1,18,16,32
12641.28,29,37,0.29,14.82,4.31,18,16,27
13317.12,31,35,0.3,14.82,4.51,18,16,22
13783.04,32,35,0.32,14.83,4.71,18,16,17
14684.16,32,33,0.34,14.85,5.03,18,16,12
15354.88,32,32,0.36,14.86,5.4,18,16,7
18099.2,32,28,0.4,14.88,5.99,18,16,2
19061.76,30,30,0.42,14.89,6.27,18,15,57
14520.32,28,33,0.31,14.82,4.67,18,15,52
6428.16,30,33,0.14,14.73,2.01,18,15,47
19640.32,33,30,0.4,14.88,5.9,18,15,42
21841.92,34,30,0.44,14.91,6.52,18,15,37
20966.4,35,30,0.44,14.91,6.62,18,15,32
21237.76,34,28,0.45,14.92,6.77,18,15,27
22026.24,34,29,0.46,14.92,6.92,18,15,22
24238.08,35,28,0.47,14.92,6.98,18,15,17
25896.96,38,24,0.47,14.93,7.07,18,15,12
25425.92,37,25,0.49,14.94,7.28,18,15,7
24289.28,39,24,0.5,14.93,7.4,18,15,2
24422.4,39,24,0.5,14.94,7.45,18,14,57
23674.88,36,26,0.52,14.95,7.72,18,14,52
23531.52,35,28,0.53,14.96,7.99,18,14,47
26152.96,37,26,0.56,14.97,8.4,18,14,42
26542.08,38,25,0.55,14.97,8.26,18,14,37
23828.48,36,27,0.5,14.94,7.49,18,14,32
27996.16,36,26,0.56,14.98,8.38,18,14,27
31191.04,41,18,0.58,14.98,8.69,18,14,22
29972.48,39,21,0.57,14.99,8.56,18,14,17
27340.8,36,25,0.52,14.95,7.8,18,14,12
33198.08,39,21,0.58,14.99,8.69,18,14,7
28774.4,40,21,0.52,14.95,7.77,18,14,2
33013.76,41,20,0.58,14.99,8.68,18,13,57
34068.48,39,22,0.59,15,8.85,18,13,52
36546.56,41,19,0.63,15.01,9.42,18,13,47
38502.4,40,21,0.64,15.02,9.57,18,13,42
39403.52,39,22,0.62,15.01,9.24,18,13,37
31795.2,39,21,0.54,14.97,8.1,18,13,32
25794.56,41,21,0.45,14.91,6.73,18,13,27
32348.16,43,19,0.51,14.94,7.6,18,13,22
28805.12,45,17,0.44,14.9,6.59,18,13,17
42762.24,45,18,0.62,15.01,9.27,18,13,12
41553.92,41,22,0.61,15,9.15,18,13,7
44236.8,41,21,0.63,15.02,9.54,18,13,2
43253.76,41,23,0.62,15.01,9.24,18,12,57
42741.76,40,26,0.62,15.01,9.28,18,12,52
39587.84,38,29,0.59,14.99,8.83,18,12,47
37867.52,39,28,0.57,14.98,8.58,18,12,42
44933.12,42,27,0.64,15.03,9.61,18,12,37
36157.44,36,32,0.54,14.96,8,18,12,32
41830.4,39,31,0.61,15.01,9.15,18,12,27
39751.68,44,25,0.58,14.99,8.72,18,12,22
39884.8,41,27,0.6,14.99,8.97,18,12,17
41666.56,42,27,0.63,15.01,9.4,18,12,12
39331.84,40,30,0.63,15.01,9.47,18,12,7
40683.52,39,30,0.68,15.03,10.15,18,12,2
23173.12,36,34,0.44,14.9,6.52,18,11,57
21217.28,37,32,0.39,14.87,5.85,18,11,52
33689.6,37,33,0.57,14.98,8.55,18,11,47
42721.28,35,35,0.67,15.03,10.11,18,11,42
31887.36,34,36,0.56,14.96,8.31,18,11,37
40335.36,37,33,0.67,15.03,10.07,18,11,32
32983.04,36,34,0.57,14.98,8.56,18,11,27
22743.04,33,37,0.42,14.89,6.27,18,11,22
28651.52,37,34,0.54,14.96,8.03,18,11,17
29818.88,33,37,0.59,14.98,8.9,18,11,12
28282.88,33,38,0.59,14.98,8.86,18,11,7
27228.16,31,41,0.59,14.98,8.82,18,11,2
26245.12,28,45,0.54,14.95,8.09,18,10,57
25958.4,34,38,0.51,14.94,7.58,18,10,52
31221.76,33,39,0.59,14.98,8.78,18,10,47
29972.48,28,46,0.57,14.98,8.59,18,10,42
27310.08,29,45,0.55,14.95,8.19,18,10,37
18728.96,25,54,0.41,14.88,6.12,18,10,32
23941.12,26,51,0.53,14.95,7.88,18,10,27
21207.04,27,48,0.46,14.9,6.82,18,10,22
18344.96,26,51,0.39,14.87,5.8,18,10,17
11335.68,26,52,0.25,14.79,3.74,18,10,12
25190.4,28,47,0.54,14.95,8.08,18,10,7
19742.72,23,57,0.45,14.9,6.72,18,10,2
22394.88,24,54,0.5,14.93,7.41,18,9,57
17044.48,24,54,0.38,14.86,5.7,18,9,52
15585.28,22,58,0.35,14.85,5.2,18,9,47
24545.28,24,53,0.51,14.94,7.62,18,9,42
19783.68,24,53,0.45,14.9,6.72,18,9,37
16588.8,23,57,0.41,14.88,6.13,18,9,32
11535.36,20,63,0.3,14.82,4.44,18,9,27
11980.8,21,62,0.3,14.81,4.43,18,9,22
16209.92,18,70,0.39,14.87,5.81,18,9,17
8727.04,17,73,0.21,14.76,3.16,18,9,12
9597.44,17,73,0.25,14.79,3.67,18,9,7
12078.08,16,76,0.33,14.83,4.86,18,9,2
5890.56,15,80,0.15,14.73,2.18,18,8,57
8650.24,15,81,0.22,14.77,3.33,18,8,52
8716.8,16,78,0.22,14.77,3.25,18,8,47
11566.08,16,79,0.29,14.81,4.36,18,8,42
9866.24,13,94,0.25,14.78,3.71,18,8,37
7623.68,12,99,0.19,14.75,2.88,18,8,32
6164.48,10,100,0.16,14.74,2.38,18,8,27
4820.48,9,99,0.12,14.72,1.82,18,8,22
4149.76,8,100,0.11,14.71,1.6,18,8,17
3584,8,99,0.09,14.7,1.4,18,8,12
2913.28,8,100,0.08,14.69,1.22,18,8,7
2501.12,8,99,0.08,14.69,1.18,18,8,2
2517.76,8,100,0.08,14.69,1.19,18,7,57
2316.8,7,99,0.07,14.69,1.09,18,7,52
2310.4,7,100,0.07,14.69,1.09,18,7,47
2243.84,7,99,0.07,14.69,1.02,18,7,42
5368.32,23,59,0.07,14.69,1.01,17,17,22
5867.52,23,58,0.09,14.7,1.32,17,17,17
6195.2,24,56,0.12,14.72,1.69,17,17,12
6707.2,24,54,0.14,14.73,2.09,17,17,7
8409.6,25,53,0.17,14.75,2.46,17,17,2
9356.8,25,52,0.19,14.75,2.8,17,16,57
10521.6,26,49,0.21,14.77,3.12,17,16,52
11566.08,28,45,0.23,14.78,3.42,17,16,47
12288,28,44,0.25,14.8,3.74,17,16,42
12416,28,42,0.27,14.81,4.02,17,16,37
13255.68,31,34,0.29,14.81,4.26,17,16,32
14197.76,32,25,0.31,14.82,4.61,17,16,27
14679.04,30,29,0.33,14.84,4.92,17,16,22
12103.68,29,30,0.28,14.81,4.2,17,16,17
13173.76,30,29,0.3,14.83,4.48,17,16,12
16486.4,33,25,0.38,14.87,5.67,17,16,7
13117.44,34,23,0.3,14.82,4.44,17,16,2
17213.44,35,23,0.38,14.86,5.61,17,15,57
19512.32,35,22,0.4,14.88,5.89,17,15,52
21575.68,34,23,0.42,14.89,6.22,17,15,47
21852.16,34,23,0.43,14.9,6.39,17,15,42
22538.24,35,23,0.44,14.91,6.54,17,15,37
21575.68,35,23,0.45,14.91,6.69,17,15,32
22241.28,35,23,0.46,14.91,6.82,17,15,27
24207.36,34,23,0.47,14.92,7.03,17,15,22
26193.92,35,22,0.48,14.93,7.14,17,15,17
27064.32,34,25,0.49,14.94,7.33,17,15,12
25446.4,35,23,0.49,14.93,7.36,17,15,7
24688.64,36,26,0.5,14.94,7.51,17,15,2
25139.2,35,23,0.51,14.94,7.65,17,14,57
24504.32,37,21,0.52,14.94,7.72,17,14,52
23715.84,36,22,0.52,14.96,7.85,17,14,47
24545.28,34,27,0.54,14.96,8,17,14,42
26163.2,36,22,0.54,14.97,8.1,17,14,37
26808.32,37,22,0.55,14.97,8.23,17,14,32
28170.24,38,21,0.56,14.98,8.37,17,14,27
29818.88,38,22,0.56,14.97,8.44,17,14,22
30812.16,39,21,0.56,14.98,8.46,17,14,17
31621.12,38,22,0.57,14.98,8.59,17,14,12
32993.28,38,21,0.57,14.98,8.61,17,14,7
32901.12,38,21,0.58,14.99,8.77,17,14,2
33095.68,39,21,0.59,14.99,8.85,17,13,57
33290.24,39,19,0.59,15,8.87,17,13,52
35880.96,37,21,0.6,15,8.95,17,13,47
35880.96,37,23,0.6,15,9.06,17,13,42
37939.2,34,29,0.61,15.01,9.18,17,13,37
39680,37,23,0.6,15,9.04,17,13,32
41195.52,42,20,0.6,14.99,8.93,17,13,27
41646.08,42,21,0.6,15,9,17,13,22
41881.6,39,22,0.6,15,9.04,17,13,17
41635.84,39,23,0.61,15,9.09,17,13,12
41646.08,39,23,0.61,15,9.2,17,13,7
42106.88,37,25,0.62,15.01,9.28,17,13,2
42004.48,35,27,0.61,15,9.2,17,12,57
42496,36,26,0.62,15.01,9.36,17,12,52
41809.92,37,24,0.62,15.01,9.23,17,12,47
42803.2,40,22,0.61,15,9.2,17,12,42
42168.32,40,22,0.61,15,9.2,17,12,37
43274.24,41,21,0.62,15.01,9.29,17,12,32
42926.08,39,21,0.63,15.01,9.42,17,12,27
42373.12,40,21,0.62,15,9.32,17,12,22
41594.88,39,21,0.62,15.01,9.33,17,12,17
40970.24,40,21,0.62,15,9.27,17,12,12
39495.68,39,23,0.61,15.01,9.2,17,12,7
38932.48,39,25,0.6,15,9.06,17,12,2
37754.88,39,24,0.6,14.99,9.01,17,11,57
37836.8,37,24,0.6,15,9.06,17,11,52
36966.4,36,25,0.61,15,9.11,17,11,47
36966.4,37,26,0.61,15,9.11,17,11,42
36075.52,35,28,0.61,15,9.09,17,11,37
36761.6,35,29,0.61,15,9.09,17,11,32
37529.6,38,26,0.6,15,8.97,17,11,27
36003.84,37,27,0.6,14.99,8.96,17,11,22
33904.64,37,28,0.59,14.99,8.88,17,11,17
31221.76,34,31,0.59,14.98,8.81,17,11,12
28508.16,36,29,0.58,14.98,8.74,17,11,7
27996.16,36,29,0.58,14.98,8.7,17,11,2
29214.72,34,32,0.58,14.98,8.69,17,10,57
29992.96,33,33,0.58,14.97,8.63,17,10,52
30812.16,34,32,0.57,14.97,8.47,17,10,47
30044.16,34,32,0.56,14.96,8.38,17,10,42
28313.6,33,33,0.56,14.97,8.31,17,10,37
26009.6,33,33,0.54,14.95,8.09,17,10,32
25067.52,32,33,0.54,14.95,8.09,17,10,27
26275.84,33,35,0.54,14.95,8,17,10,22
26839.04,32,35,0.52,14.94,7.8,17,10,17
26562.56,32,35,0.51,14.94,7.67,17,10,12
24832,32,35,0.51,14.94,7.65,17,10,7
23285.76,32,39,0.5,14.93,7.5,17,10,2
22384.64,30,41,0.49,14.92,7.33,17,9,57
22282.24,30,43,0.48,14.92,7.16,17,9,52
22415.36,29,44,0.47,14.91,7,17,9,47
22200.32,28,46,0.46,14.9,6.9,17,9,42
20142.08,28,46,0.45,14.9,6.75,17,9,37
18037.76,28,47,0.44,14.9,6.55,17,9,32
16071.68,26,50,0.43,14.88,6.41,17,9,27
16711.68,26,51,0.42,14.89,6.23,17,9,22
16675.84,24,54,0.41,14.87,6.04,17,9,17
15836.16,23,57,0.39,14.87,5.84,17,9,12
13926.4,22,59,0.38,14.85,5.59,17,9,7
12492.8,21,61,0.36,14.85,5.32,17,9,2
11811.84,21,61,0.34,14.84,5.04,17,8,57
11985.92,21,62,0.32,14.82,4.75,17,8,52
12021.76,20,65,0.3,14.81,4.43,17,8,47
11089.92,19,67,0.28,14.8,4.08,17,8,42
10247.68,18,72,0.25,14.78,3.75,17,8,37
9259.52,17,74,0.23,14.77,3.34,17,8,32
7854.08,17,77,0.2,14.76,3.02,17,8,27
7930.88,16,82,0.19,14.76,2.79,17,8,22
6507.52,15,86,0.17,14.74,2.48,17,8,17
5432.32,14,95,0.15,14.73,2.21,17,8,12
5424.64,12,100,0.12,14.72,1.8,17,8,7
4769.28,11,99,0.1,14.7,1.51,17,8,2
4718.08,10,100,0.1,14.7,1.42,17,7,57
5194.24,20,68,0.07,14.68,1.01,16,17,22
5562.88,21,66,0.09,14.7,1.31,16,17,17
5957.12,21,65,0.12,14.71,1.69,16,17,12
6679.04,21,64,0.14,14.73,2.1,16,17,7
8281.6,20,66,0.17,14.74,2.43,16,17,2
2416.64,21,65,0.05,14.67,0.69,16,16,57
8714.24,20,66,0.18,14.75,2.68,16,16,52
2938.88,19,67,0.06,14.69,0.92,16,16,47
2713.6,21,62,0.06,14.69,0.84,16,16,42
9331.2,23,56,0.2,14.76,3.01,16,16,37
13066.24,25,51,0.28,14.81,4.22,16,16,32
13885.44,24,53,0.31,14.82,4.56,16,16,27
15375.36,26,49,0.35,14.85,5.25,16,16,17
17044.48,29,44,0.38,14.86,5.64,16,16,12
16245.76,28,44,0.38,14.86,5.61,16,16,7
17305.6,28,45,0.4,14.88,5.91,16,16,2
18442.24,27,46,0.41,14.89,6.11,16,15,57
20295.68,29,43,0.42,14.89,6.25,16,15,52
21934.08,29,42,0.43,14.9,6.46,16,15,47
21964.8,27,46,0.45,14.91,6.66,16,15,42
4462.08,27,45,0.09,14.71,1.36,16,15,37
22067.2,31,40,0.46,14.91,6.85,16,15,32
23029.76,30,40,0.47,14.91,7.01,16,15,27
25436.16,30,40,0.49,14.93,7.26,16,15,22
26900.48,29,40,0.49,14.93,7.37,16,15,17
26818.56,30,39,0.5,14.94,7.54,16,15,12
25610.24,31,38,0.52,14.95,7.85,16,15,7
26470.4,29,42,0.57,14.98,8.5,16,15,2
11704.32,27,45,0.26,14.8,3.92,16,14,57
26982.4,30,40,0.59,14.99,8.81,16,14,52
24811.52,28,42,0.58,14.98,8.64,16,14,47
9141.76,24,48,0.21,14.77,3.12,16,14,42
7572.48,26,45,0.16,14.74,2.36,16,14,37
9423.36,27,42,0.2,14.76,2.93,16,14,32
9397.76,26,43,0.2,14.76,2.96,16,14,27
7669.76,28,39,0.16,14.74,2.34,16,14,22
14208,30,35,0.29,14.81,4.33,16,14,17
6901.76,32,32,0.14,14.73,2.09,16,14,12
35041.28,39,25,0.6,14.99,9,16,14,7
34836.48,39,25,0.61,15.01,9.22,16,14,2
31754.24,39,24,0.6,15,9.02,16,13,57
31754.24,38,26,0.58,14.99,8.72,16,13,52
34539.52,39,24,0.61,15,9.09,16,13,47
35297.28,39,25,0.59,14.99,8.88,16,13,42
36771.84,39,25,0.59,14.99,8.86,16,13,37
40304.64,39,25,0.61,15,9.17,16,13,32
42188.8,39,24,0.62,15.01,9.32,16,13,27
42598.4,39,25,0.62,15.01,9.29,16,13,22
41984,39,23,0.62,15,9.23,16,13,17
41748.48,39,24,0.62,15.01,9.29,16,13,12
42024.96,38,24,0.62,15.01,9.34,16,13,7
43048.96,38,24,0.63,15.01,9.42,16,13,2
42905.6,38,25,0.63,15.01,9.47,16,12,57
43335.68,38,25,0.63,15.01,9.43,16,12,52
44523.52,38,25,0.63,15.02,9.45,16,12,47
43520,39,24,0.63,15.01,9.43,16,12,42
43520,38,25,0.63,15.01,9.5,16,12,37
43642.88,38,23,0.63,15.01,9.42,16,12,32
42455.04,39,23,0.63,15.01,9.38,16,12,27
42475.52,39,24,0.63,15.01,9.41,16,12,22
42127.36,38,24,0.63,15.01,9.5,16,12,17
41881.6,40,23,0.62,15.01,9.34,16,12,12
41400.32,41,21,0.62,15.01,9.27,16,12,7
40448,37,25,0.62,15.01,9.31,16,12,2
37468.16,37,24,0.62,15,9.31,16,11,57
36741.12,39,24,0.62,15.01,9.25,16,11,52
37181.44,37,24,0.62,15.01,9.28,16,11,47
37181.44,38,25,0.61,15.01,9.22,16,11,42
35829.76,38,25,0.61,15,9.09,16,11,37
36730.88,38,25,0.61,15,9.17,16,11,32
38072.32,38,26,0.6,14.99,9.04,16,11,27
35563.52,34,31,0.59,14.98,8.81,16,11,22
32624.64,31,36,0.58,14.98,8.77,16,11,17
30187.52,32,36,0.58,14.98,8.63,16,11,12
29143.04,33,35,0.59,14.99,8.82,16,11,7
26613.76,30,40,0.56,14.96,8.42,16,11,2
27688.96,30,40,0.56,14.96,8.38,16,10,57
29870.08,32,38,0.57,14.97,8.51,16,10,52
31160.32,32,39,0.57,14.97,8.54,16,10,47
30351.36,31,44,0.56,14.96,8.44,16,10,42
28354.56,30,42,0.56,14.96,8.32,16,10,37
25743.36,31,42,0.54,14.95,8.12,16,10,32
24514.56,30,45,0.54,14.95,8.09,16,10,27
25425.92,30,45,0.54,14.95,8,16,10,22
27043.84,27,50,0.53,14.94,7.97,16,10,17
26593.28,27,49,0.52,14.94,7.81,16,10,12
25569.28,29,48,0.51,14.94,7.69,16,10,7
23449.6,25,52,0.5,14.93,7.54,16,10,2
22538.24,25,54,0.5,14.92,7.39,16,9,57
22978.56,25,53,0.49,14.93,7.33,16,9,52
22384.64,23,57,0.47,14.91,7.08,16,9,47
22323.2,24,53,0.46,14.91,6.9,16,9,42
21125.12,25,52,0.46,14.91,6.82,16,9,37
18749.44,24,55,0.45,14.9,6.68,16,9,32
16465.92,25,53,0.43,14.89,6.36,16,9,27
16435.2,23,54,0.42,14.88,6.2,16,9,22
16588.8,24,53,0.4,14.87,5.99,16,9,17
15892.48,23,56,0.39,14.86,5.77,16,9,12
13900.8,22,57,0.37,14.85,5.56,16,9,7
12328.96,22,59,0.35,14.84,5.27,16,9,2
11607.04,21,61,0.34,14.83,5.02,16,8,57
11991.04,20,66,0.32,14.82,4.75,16,8,52
11781.12,19,72,0.3,14.81,4.43,16,8,47
10762.24,18,75,0.28,14.8,4.08,16,8,42
10705.92,16,84,0.25,14.78,3.71,16,8,37
9625.6,15,89,0.22,14.78,3.3,16,8,32
7257.6,14,97,0.2,14.76,2.97,16,8,27
4144.64,13,99,0.18,14.74,2.61,16,8,22
2677.76,12,100,0.16,14.73,2.3,16,8,17
2736.64,11,99,0.14,14.73,2.02,16,8,12
3230.72,10,100,0.12,14.72,1.78,16,8,7
3202.56,9,50,0.11,14.7,1.57,16,8,2
4866.56,20,64,0.07,14.69,1.02,15,17,22
5542.4,21,63,0.09,14.7,1.32,15,17,17
5734.4,21,62,0.11,14.71,1.68,15,17,12
6497.28,21,60,0.14,14.73,2.06,15,17,7
7836.16,22,60,0.16,14.74,2.38,15,17,2
8939.52,22,59,0.18,14.76,2.68,15,16,57
10222.08,21,60,0.21,14.77,3.1,15,16,52
3304.96,21,60,0.07,14.69,1.01,15,16,47
12267.52,22,59,0.25,14.79,3.71,15,16,42
3855.36,21,62,0.09,14.69,1.27,15,16,37
8773.12,24,54,0.19,14.76,2.85,15,16,32
5936.64,23,57,0.13,14.72,1.93,15,16,27
14458.88,25,51,0.32,14.83,4.83,15,16,22
13511.68,26,50,0.32,14.83,4.76,15,16,17
15493.12,27,48,0.36,14.85,5.29,15,16,12
15759.36,26,50,0.37,14.85,5.48,15,16,7
15825.92,26,50,0.38,14.86,5.59,15,16,2
17940.48,25,53,0.41,14.88,6.07,15,15,57
7513.6,23,55,0.16,14.74,2.39,15,15,52
22374.4,26,49,0.44,14.9,6.57,15,15,47
23183.36,23,56,0.47,14.91,6.94,15,15,42
5158.4,22,58,0.11,14.71,1.65,15,15,37
4561.92,25,52,0.1,14.7,1.45,15,15,32
23418.88,29,44,0.48,14.92,7.18,15,15,27
27023.36,28,45,0.51,14.94,7.64,15,15,22
28456.96,28,45,0.52,14.95,7.77,15,15,17
6745.6,25,50,0.14,14.73,2.1,15,15,12
21514.24,30,42,0.44,14.89,6.48,15,15,7
19082.24,25,50,0.44,14.89,6.48,15,15,2
28774.4,29,43,0.59,14.99,8.85,15,14,57
23889.92,24,54,0.5,14.94,7.54,15,14,52
6228.48,24,52,0.14,14.73,2.02,15,14,47
8389.12,23,53,0.18,14.75,2.69,15,14,42
5168.64,25,49,0.11,14.71,1.64,15,14,37
4912.64,29,40,0.1,14.7,1.55,15,14,32
30228.48,32,37,0.6,14.99,9.01,15,14,27
33689.6,30,41,0.63,15.01,9.54,15,14,22
33187.84,35,34,0.61,15,9.19,15,14,17
31754.24,36,33,0.59,14.99,8.86,15,14,12
19829.76,36,32,0.39,14.87,5.8,15,14,7
33904.64,36,32,0.62,15,9.23,15,14,2
39168,35,33,0.63,15.01,9.43,15,13,57
39168,32,38,0.7,15.05,10.53,15,13,52
8128,33,36,0.17,14.74,2.47,15,13,47
38840.32,38,30,0.63,15.01,9.38,15,13,42
40632.32,38,30,0.64,15.01,9.57,15,13,37
39813.12,35,35,0.63,15,9.4,15,13,32
40693.76,37,32,0.61,15,9.17,15,13,27
39219.2,35,34,0.59,14.98,8.85,15,13,22
39946.24,36,34,0.61,15,9.08,15,13,17
40181.76,33,37,0.61,15,9.19,15,13,12
41502.72,37,33,0.61,15,9.19,15,13,7
41697.28,34,37,0.62,15,9.34,15,13,2
42536.96,37,32,0.62,15,9.34,15,12,57
42209.28,36,33,0.62,15,9.32,15,12,52
42659.84,33,36,0.63,15.01,9.43,15,12,47
42823.68,34,35,0.63,15.02,9.51,15,12,42
43520,36,32,0.63,15.02,9.47,15,12,37
43479.04,34,36,0.63,15.01,9.46,15,12,32
43048.96,34,35,0.63,15.01,9.5,15,12,27
41820.16,34,36,0.62,15,9.32,15,12,22
41451.52,37,34,0.62,15,9.28,15,12,17
40908.8,35,35,0.62,15,9.27,15,12,12
40345.6,34,36,0.62,15,9.36,15,12,7
39567.36,33,38,0.62,15,9.32,15,12,2
39188.48,33,38,0.62,15.01,9.34,15,11,57
35788.8,30,41,0.63,15.01,9.42,15,11,52
36085.76,30,42,0.62,15,9.32,15,11,47
36085.76,32,40,0.62,15.01,9.32,15,11,42
35921.92,31,40,0.62,15,9.27,15,11,37
35532.8,34,36,0.61,14.99,9.13,15,11,32
37693.44,34,37,0.62,14.99,9.22,15,11,27
36751.36,32,40,0.61,14.99,9.2,15,11,22
34621.44,29,43,0.61,14.99,9.09,15,11,17
32481.28,31,39,0.61,14.99,9.06,15,11,12
30095.36,30,42,0.61,14.99,9.08,15,11,7
27985.92,28,46,0.59,14.98,8.9,15,11,2
28917.76,29,44,0.59,14.98,8.9,15,10,57
30074.88,28,45,0.59,14.98,8.82,15,10,52
31180.8,26,50,0.58,14.98,8.72,15,10,47
30136.32,26,49,0.57,14.97,8.51,15,10,42
28272.64,26,52,0.56,14.96,8.42,15,10,37
26593.28,25,52,0.56,14.96,8.33,15,10,32
25200.64,24,53,0.55,14.96,8.28,15,10,27
25077.76,26,52,0.54,14.95,8.09,15,10,22
27351.04,25,53,0.55,14.95,8.15,15,10,17
30279.68,27,47,0.58,14.98,8.65,15,10,12
31754.24,27,48,0.61,14.98,9.1,15,10,7
28590.08,26,52,0.57,14.97,8.6,15,10,2
27985.92,27,51,0.56,14.96,8.38,15,9,57
28907.52,26,50,0.59,14.98,8.82,15,9,52
26511.36,23,58,0.55,14.95,8.2,15,9,47
19573.76,22,59,0.42,14.88,6.31,15,9,42
26101.76,23,63,0.55,14.96,8.2,15,9,37
15488,17,75,0.35,14.84,5.2,15,9,32
16768,16,79,0.39,14.86,5.85,15,9,27
10624,13,94,0.25,14.79,3.7,15,9,22
8040.96,12,98,0.19,14.74,2.73,15,9,17
7987.2,12,97,0.19,14.75,2.79,15,9,12
8427.52,12,97,0.19,14.75,2.84,15,9,7
8422.4,13,90,0.2,14.75,2.96,15,9,2
14909.44,15,89,0.38,14.85,5.61,15,8,57
11187.2,13,95,0.3,14.82,4.44,15,8,52
9548.8,12,94,0.29,14.81,4.29,15,8,47
6740.48,11,99,0.27,14.8,3.98,15,8,42
5130.24,10,100,0.22,14.77,3.19,15,8,37
5194.24,9,99,0.23,14.77,3.35,15,8,32
4083.2,8,100,0.17,14.74,2.51,15,8,27
4126.72,8,99,0.19,14.75,2.73,15,8,22
3366.4,8,100,0.13,14.72,1.92,15,8,17
4193.28,8,99,0.16,14.74,2.39,15,8,12
3461.12,7,100,0.13,14.71,1.84,15,8,7
3494.4,6,99,0.12,14.72,1.77,15,8,2
2854.4,6,100,0.09,14.69,1.4,15,7,57
2391.04,5,99,0.08,14.68,1.14,15,7,52
2147.84,5,100,0.07,14.69,1.05,15,7,47
4943.36,16,76,0.11,14.71,1.61,14,16,42
7439.36,15,83,0.17,14.73,2.43,14,16,37
5657.6,15,81,0.13,14.72,1.86,14,16,32
4887.04,15,80,0.11,14.71,1.61,14,16,27
6351.36,16,77,0.14,14.72,2.06,14,16,22
5056,16,77,0.11,14.71,1.64,14,16,17
9336.32,16,77,0.21,14.77,3.06,14,16,12
7080.96,16,76,0.16,14.73,2.3,14,16,7
6650.88,16,77,0.15,14.74,2.23,14,16,2
6917.12,16,77,0.15,14.74,2.23,14,15,57
6259.2,16,77,0.14,14.73,2.09,14,15,52
7831.04,17,73,0.17,14.75,2.55,14,15,47
6080,16,74,0.14,14.72,1.98,14,15,42
6794.24,17,74,0.15,14.73,2.19,14,15,37
8558.08,17,72,0.19,14.75,2.79,14,15,32
10150.4,17,74,0.22,14.77,3.25,14,15,27
9797.12,17,72,0.22,14.77,3.17,14,15,22
8724.48,25,44.53,0.18,14.73,2.69,29,15,12
8184.32,29,40.07,0.18,14.73,2.6,29,15,7
16327.68,29,38.77,0.42,14.85,6.18,29,15,2
19957.76,30,36.03,0.5,14.9,7.45,29,14,57
15339.52,29,41.62,0.35,14.81,5.15,29,14,52
22681.6,29,39.18,0.51,14.9,7.65,29,14,47
23941.12,32,34.9,0.52,14.9,7.74,29,14,42
21217.28,36,30.67,0.44,14.86,6.52,29,14,37
29112.32,33,33.83,0.56,14.92,8.29,29,14,32
35450.88,31,35.82,0.58,14.93,8.63,29,14,27
36433.92,29,39.53,0.59,14.93,8.77,29,14,22
36270.08,30,38.46,0.59,14.94,8.76,29,14,17
30443.52,28,43.88,0.56,14.91,8.28,29,14,12
32614.4,33,34.63,0.54,14.91,8.01,29,14,7
19374.08,29,39.95,0.36,14.82,5.34,29,14,2
17607.68,28,45.04,0.33,14.8,4.89,29,13,57
37027.84,31,37.5,0.63,14.96,9.34,29,13,52
16102.4,29,42.47,0.31,14.8,4.57,29,13,47
43130.88,33,34.57,0.66,14.98,9.88,29,13,42
52817.92,32,35.88,0.7,14.99,10.53,29,13,37
36403.2,29,41.74,0.53,14.91,7.85,29,13,32
24084.48,33,34.82,0.39,14.84,5.82,29,13,27
47185.92,34,32.17,0.61,14.95,9.1,29,13,22
54558.72,32,36.6,0.74,15.01,11.03,29,13,17
56360.96,30,39.5,0.77,15.03,11.61,29,13,12
29440,34,31.66,0.44,14.86,6.58,29,13,7
54231.04,33,35.02,0.69,14.99,10.3,29,13,2
52326.4,29,39.73,0.7,15,10.56,29,12,57
52305.92,31,37.2,0.73,15,10.89,29,12,52
13122.56,29,42.47,0.25,14.77,3.64,29,12,47
83865.6,35,36.98,0.65,14.97,9.81,29,12,42
46284.8,30,41.69,0.71,15,10.69,29,12,37
41267.2,28,43.52,0.67,14.98,10.09,29,12,32
